dataset	category_id	label	supercategory	source_version	is_mwe_candidate	mwe_candidate_status	wordnet_source	wordnet_version	wordnet_lexicon_id	selected_lookup_case	selected_query	has_oewn_noun_synset	oewn_synset_count	selected_oewn_synset	selected_oewn_lexfile	all_oewn_synsets	all_oewn_lexfiles	target_oewn_lexfiles	matched_oewn_lexfiles	synset_lemmas	canonical_surface	canonical_selection_tag	canonical_candidate_lemmas	canonical_candidate_lemma_counts	parent_oewn_synsets	parent_oewn_lexfiles	parent_lemmas	parent_selection_tag	selected_oewn_objectness_class	objectness_gate	manual_decision	manual_decision_note	sense_counts_available	wn30_available	wn30_selection_tag	wn30_lemma_counts	synset_selection_tag	decision_basis
COCO	1	person	person	instances_2017	false	not_mwe	oewn	2025-plus	oewn:2025+	exact	person	true	3	oewn-00007846-n	noun.Tops	oewn-00007846-n|oewn-05224944-n|oewn-06337790-n	oewn-00007846-n:noun.Tops:person;individual;someone;somebody;mortal;soul|oewn-05224944-n:noun.body:person|oewn-06337790-n:noun.communication:person	noun.person		person|individual|someone|somebody|mortal|soul	person	selected_single_label_or_lookup_matched_wordnet_lemma	person	person:6833	oewn-00004475-n	oewn-00004475-n:noun.Tops	oewn-00004475-n:organism;being	selected_all_immediate_oewn_hypernyms	conditional	manual_override	select:oewn-00007846-n	COCO person category means human being; OEWN human-being sense is noun.Tops.	false	true			manual_select	manual_select
COCO	2	bicycle	vehicle	instances_2017	false	not_mwe	oewn	2025-plus	oewn:2025+	exact	bicycle	true	1	oewn-02837983-n	noun.artifact	oewn-02837983-n	oewn-02837983-n:noun.artifact:bicycle;bike;wheel;cycle			bicycle|bike|wheel|cycle	bicycle	selected_single_label_or_lookup_matched_wordnet_lemma	bicycle	bicycle:5	oewn-04583497-n	oewn-04583497-n:noun.artifact	oewn-04583497-n:wheeled vehicle	selected_all_immediate_oewn_hypernyms	object_compatible	pass			false	true			single_oewn_noun_synset	single_oewn_noun_synset
COCO	3	car	vehicle	instances_2017	false	not_mwe	oewn	2025-plus	oewn:2025+	exact	car	true	5	oewn-02961779-n	noun.artifact	oewn-02961779-n|oewn-02963378-n|oewn-02963937-n|oewn-02963788-n|oewn-02937835-n	oewn-02961779-n:noun.artifact:car;auto;automobile;machine;motorcar|oewn-02963378-n:noun.artifact:car;railcar;railway car;railroad car|oewn-02963937-n:noun.artifact:car;gondola|oewn-02963788-n:noun.artifact:car;elevator car|oewn-02937835-n:noun.artifact:cable car;car			car|auto|automobile|machine|motorcar	car	selected_single_label_or_lookup_matched_wordnet_lemma	car	car:71	oewn-03796768-n	oewn-03796768-n:noun.artifact	oewn-03796768-n:motor vehicle;automotive vehicle	selected_all_immediate_oewn_hypernyms	object_compatible	pass			false	true	wn30_unique_max	oewn-02961779-n:car%1:06:00:::car.n.01:71|oewn-02963378-n:car%1:06:01:::car.n.02:2|oewn-02963937-n:car%1:06:03:::car.n.03:0|oewn-02963788-n:car%1:06:02:::car.n.04:0|oewn-02937835-n:car%1:06:04:::cable_car.n.01:0	selected_by_wn30_lemma_count	selected_by_wn30_lemma_count
COCO	4	motorcycle	vehicle	instances_2017	false	not_mwe	oewn	2025-plus	oewn:2025+	exact	motorcycle	true	1	oewn-03796045-n	noun.artifact	oewn-03796045-n	oewn-03796045-n:noun.artifact:motorcycle;bike			motorcycle|bike	motorcycle	selected_single_label_or_lookup_matched_wordnet_lemma	motorcycle	motorcycle:0	oewn-03796768-n	oewn-03796768-n:noun.artifact	oewn-03796768-n:motor vehicle;automotive vehicle	selected_all_immediate_oewn_hypernyms	object_compatible	pass			false	true			single_oewn_noun_synset	single_oewn_noun_synset
COCO	5	airplane	vehicle	instances_2017	false	not_mwe	oewn	2025-plus	oewn:2025+	exact	airplane	true	1	oewn-02694015-n	noun.artifact	oewn-02694015-n	oewn-02694015-n:noun.artifact:airplane;aeroplane;plane			airplane|aeroplane|plane	airplane	selected_single_label_or_lookup_matched_wordnet_lemma	airplane	airplane:5	oewn-03515727-n	oewn-03515727-n:noun.artifact	oewn-03515727-n:heavier-than-air craft	selected_all_immediate_oewn_hypernyms	object_compatible	pass			false	true			single_oewn_noun_synset	single_oewn_noun_synset
COCO	6	bus	vehicle	instances_2017	false	not_mwe	oewn	2025-plus	oewn:2025+	exact	bus	true	4	oewn-02927500-n	noun.artifact	oewn-02927500-n|oewn-05738536-n|oewn-02928097-n|oewn-02927938-n	oewn-02927500-n:noun.artifact:bus;autobus;coach;charabanc;double-decker;jitney;motorbus;motorcoach;omnibus;passenger vehicle|oewn-05738536-n:noun.cognition:bus topology;bus|oewn-02928097-n:noun.artifact:busbar;bus|oewn-02927938-n:noun.artifact:bus;jalopy;heap			bus|autobus|coach|charabanc|double-decker|jitney|motorbus|motorcoach|omnibus|passenger vehicle	bus	selected_single_label_or_lookup_matched_wordnet_lemma	bus	bus:2	oewn-04025495-n	oewn-04025495-n:noun.artifact	oewn-04025495-n:public transport	selected_all_immediate_oewn_hypernyms	object_compatible	pass			false	true	wn30_unique_max	oewn-02927500-n:bus%1:06:00:::bus.n.01:2;double--decker%1:06:00::=wn30_missing|oewn-05738536-n:bus%1:09:00:::bus_topology.n.01:0|oewn-02928097-n:bus%1:06:02:::busbar.n.01:0|oewn-02927938-n:bus%1:06:01:::bus.n.04:0	selected_by_wn30_lemma_count	selected_by_wn30_lemma_count
COCO	7	train	vehicle	instances_2017	false	not_mwe	oewn	2025-plus	oewn:2025+	exact	train	true	6	oewn-04475240-n	noun.artifact	oewn-04475240-n|oewn-08476659-n|oewn-08444586-n|oewn-07309535-n|oewn-04475711-n|oewn-03436655-n	oewn-04475240-n:noun.artifact:train;railroad train|oewn-08476659-n:noun.group:string;train|oewn-08444586-n:noun.group:caravan;train;wagon train|oewn-07309535-n:noun.event:train|oewn-04475711-n:noun.artifact:train|oewn-03436655-n:noun.artifact:gearing;gear;geartrain;power train;train			train|railroad train	train	selected_single_label_or_lookup_matched_wordnet_lemma	train	train:24	oewn-04025495-n	oewn-04025495-n:noun.artifact	oewn-04025495-n:public transport	selected_all_immediate_oewn_hypernyms	object_compatible	pass			false	true	wn30_unique_max	oewn-04475240-n:train%1:06:00:::train.n.01:24|oewn-08476659-n:train%1:14:02:::string.n.04:1|oewn-08444586-n:train%1:14:00:::caravan.n.01:0|oewn-07309535-n:train%1:11:00:::train.n.04:0|oewn-04475711-n:train%1:06:02:::train.n.05:0|oewn-03436655-n:train%1:06:01:::gearing.n.01:0	selected_by_wn30_lemma_count	selected_by_wn30_lemma_count
COCO	8	truck	vehicle	instances_2017	false	not_mwe	oewn	2025-plus	oewn:2025+	exact	truck	true	2	oewn-04497386-n	noun.artifact	oewn-04497386-n|oewn-03495220-n	oewn-04497386-n:noun.artifact:truck;motortruck|oewn-03495220-n:noun.artifact:hand truck;truck			truck|motortruck	truck	selected_single_label_or_lookup_matched_wordnet_lemma	truck	truck:20	oewn-03796768-n	oewn-03796768-n:noun.artifact	oewn-03796768-n:motor vehicle;automotive vehicle	selected_all_immediate_oewn_hypernyms	object_compatible	pass			false	true	wn30_unique_max	oewn-04497386-n:truck%1:06:00:::truck.n.01:20|oewn-03495220-n:truck%1:06:01:::hand_truck.n.01:0	selected_by_wn30_lemma_count	selected_by_wn30_lemma_count
COCO	9	boat	vehicle	instances_2017	false	not_mwe	oewn	2025-plus	oewn:2025+	exact	boat	true	2	oewn-02861626-n	noun.artifact	oewn-02861626-n|oewn-03460968-n	oewn-02861626-n:noun.artifact:boat|oewn-03460968-n:noun.artifact:gravy boat;gravy holder;sauceboat;boat			boat	boat	selected_single_label_or_lookup_matched_wordnet_lemma	boat	boat:14	oewn-04537861-n	oewn-04537861-n:noun.artifact	oewn-04537861-n:vessel;watercraft	selected_all_immediate_oewn_hypernyms	object_compatible	pass			false	true	wn30_unique_max	oewn-02861626-n:boat%1:06:00:::boat.n.01:14|oewn-03460968-n:boat%1:06:01:::gravy_boat.n.01:0	selected_by_wn30_lemma_count	selected_by_wn30_lemma_count
COCO	10	traffic light	outdoor	instances_2017	true	selected	oewn	2025-plus	oewn:2025+	exact	traffic light	true	1	oewn-06887235-n	noun.communication	oewn-06887235-n	oewn-06887235-n:noun.communication:traffic light;traffic signal;stoplight			traffic light|traffic signal|stoplight	traffic light	selected_single_label_or_lookup_matched_wordnet_lemma	traffic light	traffic light:1	oewn-06887069-n	oewn-06887069-n:noun.communication	oewn-06887069-n:light	selected_all_immediate_oewn_hypernyms	conditional	manual_override	select:oewn-06887235-n	COCO visual object category; OEWN lexfile is communication because it is a signal.	false	true			manual_select	manual_select
COCO	11	fire hydrant	outdoor	instances_2017	true	selected	oewn	2025-plus	oewn:2025+	exact	fire hydrant	true	1	oewn-03351744-n	noun.artifact	oewn-03351744-n	oewn-03351744-n:noun.artifact:fireplug;fire hydrant;plug			fireplug|fire hydrant|plug	fire hydrant	selected_single_label_or_lookup_matched_wordnet_lemma	fire hydrant	fire hydrant:0	oewn-03556096-n	oewn-03556096-n:noun.artifact	oewn-03556096-n:hydrant	selected_all_immediate_oewn_hypernyms	object_compatible	pass			false	true			single_oewn_noun_synset	single_oewn_noun_synset
COCO	13	stop sign	outdoor	instances_2017	true	selected	oewn	2025-plus	oewn:2025+	exact	stop sign	true	1	oewn-92470663-n	noun.communication	oewn-92470663-n	oewn-92470663-n:noun.communication:stop sign			stop sign	stop sign	selected_single_label_or_lookup_matched_wordnet_lemma	stop sign	stop sign:-1	oewn-06806967-n	oewn-06806967-n:noun.communication	oewn-06806967-n:street sign	selected_all_immediate_oewn_hypernyms	conditional	manual_override	select:oewn-92470663-n	COCO visual object category; OEWN lexfile is communication because it is a sign.	false	true			manual_select	manual_select
COCO	14	parking meter	outdoor	instances_2017	true	selected	oewn	2025-plus	oewn:2025+	exact	parking meter	true	1	oewn-03897029-n	noun.artifact	oewn-03897029-n	oewn-03897029-n:noun.artifact:parking meter			parking meter	parking meter	selected_single_label_or_lookup_matched_wordnet_lemma	parking meter	parking meter:0	oewn-04445438-n	oewn-04445438-n:noun.artifact	oewn-04445438-n:timer	selected_all_immediate_oewn_hypernyms	object_compatible	pass			false	true			single_oewn_noun_synset	single_oewn_noun_synset
COCO	15	bench	outdoor	instances_2017	false	not_mwe	oewn	2025-plus	oewn:2025+	exact	bench	true	7	oewn-02832068-n	noun.artifact	oewn-02832068-n|oewn-09479337-n|oewn-08183086-n|oewn-04607813-n|oewn-08226440-n|oewn-02832300-n|oewn-08345627-n	oewn-02832068-n:noun.artifact:bench|oewn-09479337-n:noun.object:terrace;bench|oewn-08183086-n:noun.group:judiciary;bench|oewn-04607813-n:noun.artifact:workbench;work bench;bench|oewn-08226440-n:noun.group:bench|oewn-02832300-n:noun.artifact:bench|oewn-08345627-n:noun.group:bench			bench	bench	selected_single_label_or_lookup_matched_wordnet_lemma	bench	bench:9	oewn-04169042-n	oewn-04169042-n:noun.artifact	oewn-04169042-n:seat	selected_all_immediate_oewn_hypernyms	object_compatible	pass			false	true	wn30_unique_max	oewn-02832068-n:bench%1:06:00:::bench.n.01:9|oewn-09479337-n:bench%1:17:00:::terrace.n.02:1|oewn-08183086-n:bench%1:14:00:::judiciary.n.01:1|oewn-04607813-n:bench%1:06:01:::workbench.n.01:1|oewn-08226440-n:bench%1:14:02:::bench.n.06:0|oewn-02832300-n:bench%1:06:03:::bench.n.07:0|oewn-08345627-n:wn30_missing	selected_by_wn30_lemma_count	selected_by_wn30_lemma_count
COCO	16	bird	animal	instances_2017	false	not_mwe	oewn	2025-plus	oewn:2025+	exact	bird	true	5	oewn-01505702-n	noun.animal	oewn-01505702-n|oewn-07659991-n|oewn-10008583-n|oewn-07138578-n|oewn-04219349-n	oewn-01505702-n:noun.animal:bird|oewn-07659991-n:noun.food:bird;fowl|oewn-10008583-n:noun.person:dame;doll;wench;skirt;chick;bird|oewn-07138578-n:noun.communication:boo;hoot;Bronx cheer;hiss;raspberry;razzing;razz;snort;bird|oewn-04219349-n:noun.artifact:shuttlecock;bird;birdie;shuttle	noun.animal	oewn-01505702-n:noun.animal:bird	bird	bird	selected_single_label_or_lookup_matched_wordnet_lemma	bird	bird:29	oewn-01474323-n	oewn-01474323-n:noun.animal	oewn-01474323-n:vertebrate;craniate	selected_all_immediate_oewn_hypernyms	object_compatible	pass			false	true			selected_by_coco_supercategory_oewn_lexfile	selected_by_coco_supercategory_oewn_lexfile
COCO	17	cat	animal	instances_2017	false	not_mwe	oewn	2025-plus	oewn:2025+	exact	cat	true	9	oewn-02124272-n	noun.animal	oewn-00903174-n|oewn-02124272-n|oewn-10172934-n|oewn-09919605-n|oewn-03614083-n|oewn-02989061-n|oewn-02986962-n|oewn-02130460-n|oewn-02123649-n	oewn-00903174-n:noun.act:computerized tomography;computed tomography;CT;computerized axial tomography;computed axial tomography;CAT|oewn-02124272-n:noun.animal:cat;true cat|oewn-10172934-n:noun.person:guy;cat;hombre;bozo;sod|oewn-09919605-n:noun.person:cat|oewn-03614083-n:noun.artifact:kat;khat;qat;quat;cat;Arabian tea;African tea|oewn-02989061-n:noun.artifact:cat-o'-nine-tails;cat|oewn-02986962-n:noun.artifact:Caterpillar;cat|oewn-02130460-n:noun.animal:big cat;cat|oewn-02123649-n:noun.animal:feline;felid;cat	noun.animal	oewn-02124272-n:noun.animal:cat;true cat|oewn-02130460-n:noun.animal:big cat;cat|oewn-02123649-n:noun.animal:feline;felid;cat	cat|true cat	cat	selected_single_label_or_lookup_matched_wordnet_lemma	cat	cat:18	oewn-02123649-n	oewn-02123649-n:noun.animal	oewn-02123649-n:feline;felid;cat	selected_all_immediate_oewn_hypernyms	object_compatible	pass			false	true	wn30_unique_max	oewn-02124272-n:cat%1:05:00:::cat.n.01:18|oewn-02130460-n:cat%1:05:02:::big_cat.n.01:0|oewn-02123649-n:cat%1:05:03::=wn30_missing	selected_by_wn30_lemma_count_after_coco_lexfile	selected_by_wn30_lemma_count_after_coco_lexfile
COCO	18	dog	animal	instances_2017	false	not_mwe	oewn	2025-plus	oewn:2025+	exact	dog	true	7	oewn-02086723-n	noun.animal	oewn-02086723-n|oewn-10133978-n|oewn-10042764-n|oewn-09905672-n|oewn-07692347-n|oewn-03907626-n|oewn-02712903-n	oewn-02086723-n:noun.animal:dog;domestic dog;Canis familiaris|oewn-10133978-n:noun.person:frump;dog|oewn-10042764-n:noun.person:dog|oewn-09905672-n:noun.person:cad;bounder;blackguard;dog;hound;heel|oewn-07692347-n:noun.food:frank;frankfurter;hotdog;hot dog;dog;wiener;wienerwurst;weenie|oewn-03907626-n:noun.artifact:pawl;detent;click;dog|oewn-02712903-n:noun.artifact:andiron;firedog;dog;dog-iron	noun.animal	oewn-02086723-n:noun.animal:dog;domestic dog;Canis familiaris	dog|domestic dog|Canis familiaris	dog	selected_single_label_or_lookup_matched_wordnet_lemma	dog	dog:42	oewn-02085998-n|oewn-01320032-n	oewn-02085998-n:noun.animal|oewn-01320032-n:noun.animal	oewn-02085998-n:canine;canid|oewn-01320032-n:domestic animal;domesticated animal	selected_all_immediate_oewn_hypernyms	object_compatible	pass			false	true			selected_by_coco_supercategory_oewn_lexfile	selected_by_coco_supercategory_oewn_lexfile
COCO	19	horse	animal	instances_2017	false	not_mwe	oewn	2025-plus	oewn:2025+	exact	horse	true	5	oewn-02377103-n	noun.animal	oewn-02377103-n|oewn-03543217-n|oewn-08414813-n|oewn-04147696-n|oewn-03629976-n	oewn-02377103-n:noun.animal:horse;Equus caballus|oewn-03543217-n:noun.artifact:horse;gymnastic horse|oewn-08414813-n:noun.group:cavalry;horse cavalry;horse|oewn-04147696-n:noun.artifact:sawhorse;horse;sawbuck;buck|oewn-03629976-n:noun.artifact:knight;horse	noun.animal	oewn-02377103-n:noun.animal:horse;Equus caballus	horse|Equus caballus	horse	selected_single_label_or_lookup_matched_wordnet_lemma	horse	horse:103	oewn-02376801-n	oewn-02376801-n:noun.animal	oewn-02376801-n:equine;equid	selected_all_immediate_oewn_hypernyms	object_compatible	pass			false	true			selected_by_coco_supercategory_oewn_lexfile	selected_by_coco_supercategory_oewn_lexfile
COCO	20	sheep	animal	instances_2017	false	not_mwe	oewn	2025-plus	oewn:2025+	exact	sheep	true	3	oewn-02414351-n	noun.animal	oewn-02414351-n|oewn-10607482-n|oewn-10607302-n	oewn-02414351-n:noun.animal:sheep|oewn-10607482-n:noun.person:sheep|oewn-10607302-n:noun.person:sheep	noun.animal	oewn-02414351-n:noun.animal:sheep	sheep	sheep	selected_single_label_or_lookup_matched_wordnet_lemma	sheep	sheep:14	oewn-02403683-n	oewn-02403683-n:noun.animal	oewn-02403683-n:bovid	selected_all_immediate_oewn_hypernyms	object_compatible	pass			false	true			selected_by_coco_supercategory_oewn_lexfile	selected_by_coco_supercategory_oewn_lexfile
COCO	21	cow	animal	instances_2017	false	not_mwe	oewn	2025-plus	oewn:2025+	exact	cow	true	3	oewn-02406106-n	noun.animal	oewn-02406106-n|oewn-01890428-n|oewn-09992117-n	oewn-02406106-n:noun.animal:cow;moo-cow|oewn-01890428-n:noun.animal:cow|oewn-09992117-n:noun.person:cow	noun.animal	oewn-02406106-n:noun.animal:cow;moo-cow|oewn-01890428-n:noun.animal:cow	cow|moo-cow	cow	selected_single_label_or_lookup_matched_wordnet_lemma	cow	cow:20	oewn-02405077-n	oewn-02405077-n:noun.animal	oewn-02405077-n:cattle;cows;kine;oxen;Bos taurus	selected_all_immediate_oewn_hypernyms	object_compatible	pass			false	true	wn30_unique_max	oewn-02406106-n:cow%1:05:01:::cow.n.01:20;moo--cow%1:05:00::=wn30_missing|oewn-01890428-n:cow%1:05:02:::cow.n.02:1	selected_by_wn30_lemma_count_after_coco_lexfile	selected_by_wn30_lemma_count_after_coco_lexfile
COCO	22	elephant	animal	instances_2017	false	not_mwe	oewn	2025-plus	oewn:2025+	exact	elephant	true	2	oewn-02506148-n	noun.animal	oewn-02506148-n|oewn-06894712-n	oewn-02506148-n:noun.animal:elephant|oewn-06894712-n:noun.communication:elephant	noun.animal	oewn-02506148-n:noun.animal:elephant	elephant	elephant	selected_single_label_or_lookup_matched_wordnet_lemma	elephant	elephant:3	oewn-02505758-n|oewn-02455739-n	oewn-02505758-n:noun.animal|oewn-02455739-n:noun.animal	oewn-02505758-n:proboscidean;proboscidian|oewn-02455739-n:pachyderm	selected_all_immediate_oewn_hypernyms	object_compatible	pass			false	true			selected_by_coco_supercategory_oewn_lexfile	selected_by_coco_supercategory_oewn_lexfile
COCO	23	bear	animal	instances_2017	false	not_mwe	oewn	2025-plus	oewn:2025+	exact	bear	true	2	oewn-02134305-n	noun.animal	oewn-02134305-n|oewn-09864599-n	oewn-02134305-n:noun.animal:bear|oewn-09864599-n:noun.person:bear	noun.animal	oewn-02134305-n:noun.animal:bear	bear	bear	selected_single_label_or_lookup_matched_wordnet_lemma	bear	bear:1	oewn-02077948-n	oewn-02077948-n:noun.animal	oewn-02077948-n:carnivore	selected_all_immediate_oewn_hypernyms	object_compatible	pass			false	true			selected_by_coco_supercategory_oewn_lexfile	selected_by_coco_supercategory_oewn_lexfile
COCO	24	zebra	animal	instances_2017	false	not_mwe	oewn	2025-plus	oewn:2025+	exact	zebra	true	1	oewn-02393701-n	noun.animal	oewn-02393701-n	oewn-02393701-n:noun.animal:zebra	noun.animal	oewn-02393701-n:noun.animal:zebra	zebra	zebra	selected_single_label_or_lookup_matched_wordnet_lemma	zebra	zebra:0	oewn-02376801-n	oewn-02376801-n:noun.animal	oewn-02376801-n:equine;equid	selected_all_immediate_oewn_hypernyms	object_compatible	pass			false	true			single_oewn_noun_synset	single_oewn_noun_synset
COCO	25	giraffe	animal	instances_2017	false	not_mwe	oewn	2025-plus	oewn:2025+	exact	giraffe	true	1	oewn-02441664-n	noun.animal	oewn-02441664-n	oewn-02441664-n:noun.animal:giraffe;camelopard;Giraffa camelopardalis	noun.animal	oewn-02441664-n:noun.animal:giraffe;camelopard;Giraffa camelopardalis	giraffe|camelopard|Giraffa camelopardalis	giraffe	selected_single_label_or_lookup_matched_wordnet_lemma	giraffe	giraffe:0	oewn-02401652-n	oewn-02401652-n:noun.animal	oewn-02401652-n:ruminant	selected_all_immediate_oewn_hypernyms	object_compatible	pass			false	true			single_oewn_noun_synset	single_oewn_noun_synset
COCO	27	backpack	accessory	instances_2017	false	not_mwe	oewn	2025-plus	oewn:2025+	exact	backpack	true	1	oewn-02772753-n	noun.artifact	oewn-02772753-n	oewn-02772753-n:noun.artifact:backpack;back pack;knapsack;packsack;rucksack;haversack			backpack|back pack|knapsack|packsack|rucksack|haversack	backpack	selected_by_source_label_surface_after_wn30_all_zero	backpack|back pack	backpack:0|back pack:0	oewn-02776042-n	oewn-02776042-n:noun.artifact	oewn-02776042-n:bag	selected_all_immediate_oewn_hypernyms	object_compatible	pass			false	true			single_oewn_noun_synset	single_oewn_noun_synset
COCO	28	umbrella	accessory	instances_2017	false	not_mwe	oewn	2025-plus	oewn:2025+	exact	umbrella	true	3	oewn-04514450-n	noun.artifact	oewn-04514450-n|oewn-00831579-n|oewn-00383879-n	oewn-04514450-n:noun.artifact:umbrella|oewn-00831579-n:noun.act:umbrella|oewn-00383879-n:noun.act:umbrella			umbrella	umbrella	selected_single_label_or_lookup_matched_wordnet_lemma	umbrella	umbrella:2	oewn-02955279-n	oewn-02955279-n:noun.artifact	oewn-02955279-n:canopy	selected_all_immediate_oewn_hypernyms	object_compatible	pass			false	true	wn30_unique_max	oewn-04514450-n:umbrella%1:06:00:::umbrella.n.01:2|oewn-00831579-n:umbrella%1:04:00:::umbrella.n.02:0|oewn-00383879-n:umbrella%1:04:01:::umbrella.n.03:0	selected_by_wn30_lemma_count	selected_by_wn30_lemma_count
COCO	31	handbag	accessory	instances_2017	false	not_mwe	oewn	2025-plus	oewn:2025+	exact	handbag	true	1	oewn-02777157-n	noun.artifact	oewn-02777157-n	oewn-02777157-n:noun.artifact:bag;handbag;pocketbook;purse			bag|handbag|pocketbook|purse	handbag	selected_single_label_or_lookup_matched_wordnet_lemma	handbag	handbag:3	oewn-03099154-n	oewn-03099154-n:noun.artifact	oewn-03099154-n:container	selected_all_immediate_oewn_hypernyms	object_compatible	pass			false	true			single_oewn_noun_synset	single_oewn_noun_synset
COCO	32	tie	accessory	instances_2017	false	not_mwe	oewn	2025-plus	oewn:2025+	exact	tie	true	9	oewn-03821155-n	noun.artifact	oewn-03821155-n|oewn-13953418-n|oewn-13970354-n|oewn-04440511-n|oewn-03679297-n|oewn-07368316-n|oewn-06879174-n|oewn-04440719-n|oewn-04440319-n	oewn-03821155-n:noun.artifact:necktie;tie|oewn-13953418-n:noun.state:affiliation;association;tie;tie-up|oewn-13970354-n:noun.state:tie|oewn-04440511-n:noun.artifact:tie;tie beam|oewn-03679297-n:noun.artifact:link;linkup;tie;tie-in|oewn-07368316-n:noun.event:draw;standoff;tie|oewn-06879174-n:noun.communication:tie|oewn-04440719-n:noun.artifact:tie;railroad tie;crosstie;sleeper|oewn-04440319-n:noun.artifact:tie			necktie|tie	tie	selected_single_label_or_lookup_matched_wordnet_lemma	tie	tie:5	oewn-03821545-n	oewn-03821545-n:noun.artifact	oewn-03821545-n:neckwear	selected_all_immediate_oewn_hypernyms	object_compatible	pass			false	true	wn30_unique_max	oewn-03821155-n:tie%1:06:01:::necktie.n.01:5|oewn-13953418-n:tie%1:26:01:::affiliation.n.01:4;tie--up%1:26:00::=wn30_missing|oewn-13970354-n:tie%1:26:00:::tie.n.03:3|oewn-04440511-n:tie%1:06:02:::tie.n.04:1|oewn-03679297-n:tie%1:06:04:::link.n.02:1;tie--in%1:06:00::=wn30_missing|oewn-07368316-n:tie%1:11:00:::draw.n.03:0|oewn-06879174-n:tie%1:10:00:::tie.n.07:0|oewn-04440719-n:tie%1:06:03:::tie.n.08:0|oewn-04440319-n:tie%1:06:00:::tie.n.09:0	selected_by_wn30_lemma_count	selected_by_wn30_lemma_count
COCO	33	suitcase	accessory	instances_2017	false	not_mwe	oewn	2025-plus	oewn:2025+	exact	suitcase	true	1	oewn-02776843-n	noun.artifact	oewn-02776843-n	oewn-02776843-n:noun.artifact:bag;traveling bag;travelling bag;grip;suitcase			bag|traveling bag|travelling bag|grip|suitcase	suitcase	selected_single_label_or_lookup_matched_wordnet_lemma	suitcase	suitcase:11	oewn-02777635-n	oewn-02777635-n:noun.artifact	oewn-02777635-n:baggage;luggage	selected_all_immediate_oewn_hypernyms	object_compatible	pass			false	true			single_oewn_noun_synset	single_oewn_noun_synset
COCO	34	frisbee	sports	instances_2017	false	not_mwe	oewn	2025-plus	oewn:2025+	exact	frisbee	true	1	oewn-03402783-n	noun.artifact	oewn-03402783-n	oewn-03402783-n:noun.artifact:Frisbee			Frisbee	Frisbee	selected_single_label_or_lookup_matched_wordnet_lemma	Frisbee	Frisbee:0	oewn-03213277-n|oewn-03971038-n	oewn-03213277-n:noun.artifact|oewn-03971038-n:noun.artifact	oewn-03213277-n:disk;disc|oewn-03971038-n:plaything;toy	selected_all_immediate_oewn_hypernyms	object_compatible	pass			false	true			single_oewn_noun_synset	single_oewn_noun_synset
COCO	35	skis	sports	instances_2017	false	not_mwe	oewn	2025-plus	oewn:2025+	morphy	ski	true	1	oewn-04235116-n	noun.artifact	oewn-04235116-n	oewn-04235116-n:noun.artifact:ski			ski	ski	selected_single_label_or_lookup_matched_wordnet_lemma	ski	ski:0	oewn-04127187-n	oewn-04127187-n:noun.artifact	oewn-04127187-n:runner	selected_all_immediate_oewn_hypernyms	object_compatible	pass			false	true			single_oewn_noun_synset	single_oewn_noun_synset
COCO	36	snowboard	sports	instances_2017	false	not_mwe	oewn	2025-plus	oewn:2025+	exact	snowboard	true	1	oewn-04258901-n	noun.artifact	oewn-04258901-n	oewn-04258901-n:noun.artifact:snowboard			snowboard	snowboard	selected_single_label_or_lookup_matched_wordnet_lemma	snowboard	snowboard:0	oewn-02859743-n	oewn-02859743-n:noun.artifact	oewn-02859743-n:board	selected_all_immediate_oewn_hypernyms	object_compatible	pass			false	true			single_oewn_noun_synset	single_oewn_noun_synset
COCO	37	sports ball	sports	instances_2017	true	rejected	oewn	2025-plus	oewn:2025+	joined_variant	sportsball	true	1			oewn-90012761-n	oewn-90012761-n:noun.act:sportsball					not_applicable_no_selected_synset						not_applicable_no_selected_synset		not_applicable	reject:oewn-90012761-n	OEWN sportsball sense is an act, not the COCO physical ball category.	false	true			manual_reject	manual_reject
COCO	38	kite	sports	instances_2017	false	not_mwe	oewn	2025-plus	oewn:2025+	exact	kite	true	4	oewn-03626682-n	noun.artifact	oewn-13403644-n|oewn-13403479-n|oewn-03626682-n|oewn-01611073-n	oewn-13403644-n:noun.possession:kite|oewn-13403479-n:noun.possession:kite|oewn-03626682-n:noun.artifact:kite|oewn-01611073-n:noun.animal:kite			kite	kite	selected_single_label_or_lookup_matched_wordnet_lemma	kite	kite:0	oewn-03971038-n	oewn-03971038-n:noun.artifact	oewn-03971038-n:plaything;toy	selected_all_immediate_oewn_hypernyms	object_compatible	manual_override	select:oewn-03626682-n	COCO sports category refers to the toy artifact sense.	false	true	wn30_all_zero	oewn-13403644-n:kite%1:21:01:::kite.n.01:0|oewn-13403479-n:kite%1:21:00:::kite.n.02:0|oewn-03626682-n:kite%1:06:00:::kite.n.03:0|oewn-01611073-n:kite%1:05:00:::kite.n.04:0	manual_select	manual_select
COCO	39	baseball bat	sports	instances_2017	true	selected	oewn	2025-plus	oewn:2025+	exact	baseball bat	true	1	oewn-02802334-n	noun.artifact	oewn-02802334-n	oewn-02802334-n:noun.artifact:baseball bat;lumber			baseball bat|lumber	baseball bat	selected_single_label_or_lookup_matched_wordnet_lemma	baseball bat	baseball bat:0	oewn-02809564-n|oewn-02803056-n	oewn-02809564-n:noun.artifact|oewn-02803056-n:noun.artifact	oewn-02809564-n:bat|oewn-02803056-n:baseball equipment	selected_all_immediate_oewn_hypernyms	object_compatible	pass			false	true			single_oewn_noun_synset	single_oewn_noun_synset
COCO	40	baseball glove	sports	instances_2017	true	selected	oewn	2025-plus	oewn:2025+	exact	baseball glove	true	1	oewn-02803372-n	noun.artifact	oewn-02803372-n	oewn-02803372-n:noun.artifact:baseball glove;glove;baseball mitt;mitt			baseball glove|glove|baseball mitt|mitt	baseball glove	selected_single_label_or_lookup_matched_wordnet_lemma	baseball glove	baseball glove:0	oewn-02803056-n	oewn-02803056-n:noun.artifact	oewn-02803056-n:baseball equipment	selected_all_immediate_oewn_hypernyms	object_compatible	pass			false	true			single_oewn_noun_synset	single_oewn_noun_synset
COCO	41	skateboard	sports	instances_2017	false	not_mwe	oewn	2025-plus	oewn:2025+	exact	skateboard	true	1	oewn-04233049-n	noun.artifact	oewn-04233049-n	oewn-04233049-n:noun.artifact:skateboard			skateboard	skateboard	selected_single_label_or_lookup_matched_wordnet_lemma	skateboard	skateboard:0	oewn-02859743-n|oewn-04583497-n	oewn-02859743-n:noun.artifact|oewn-04583497-n:noun.artifact	oewn-02859743-n:board|oewn-04583497-n:wheeled vehicle	selected_all_immediate_oewn_hypernyms	object_compatible	pass			false	true			single_oewn_noun_synset	single_oewn_noun_synset
COCO	42	surfboard	sports	instances_2017	false	not_mwe	oewn	2025-plus	oewn:2025+	exact	surfboard	true	1	oewn-04370646-n	noun.artifact	oewn-04370646-n	oewn-04370646-n:noun.artifact:surfboard			surfboard	surfboard	selected_single_label_or_lookup_matched_wordnet_lemma	surfboard	surfboard:0	oewn-02859743-n	oewn-02859743-n:noun.artifact	oewn-02859743-n:board	selected_all_immediate_oewn_hypernyms	object_compatible	pass			false	true			single_oewn_noun_synset	single_oewn_noun_synset
COCO	43	tennis racket	sports	instances_2017	true	selected	oewn	2025-plus	oewn:2025+	exact	tennis racket	true	1	oewn-04416941-n	noun.artifact	oewn-04416941-n	oewn-04416941-n:noun.artifact:tennis racket;tennis racquet			tennis racket|tennis racquet	tennis racket	selected_single_label_or_lookup_matched_wordnet_lemma	tennis racket	tennis racket:1	oewn-04045857-n	oewn-04045857-n:noun.artifact	oewn-04045857-n:racket;racquet	selected_all_immediate_oewn_hypernyms	object_compatible	pass			false	true			single_oewn_noun_synset	single_oewn_noun_synset
COCO	44	bottle	kitchen	instances_2017	false	not_mwe	oewn	2025-plus	oewn:2025+	exact	bottle	true	3	oewn-02879899-n	noun.artifact	oewn-02879899-n|oewn-13787536-n|oewn-02880508-n	oewn-02879899-n:noun.artifact:bottle|oewn-13787536-n:noun.quantity:bottle;bottleful|oewn-02880508-n:noun.artifact:bottle;feeding bottle;nursing bottle			bottle	bottle	selected_single_label_or_lookup_matched_wordnet_lemma	bottle	bottle:28	oewn-04538393-n	oewn-04538393-n:noun.artifact	oewn-04538393-n:vessel	selected_all_immediate_oewn_hypernyms	object_compatible	pass			false	true	wn30_unique_max	oewn-02879899-n:bottle%1:06:00:::bottle.n.01:28|oewn-13787536-n:bottle%1:23:00:::bottle.n.02:2|oewn-02880508-n:bottle%1:06:01:::bottle.n.03:0	selected_by_wn30_lemma_count	selected_by_wn30_lemma_count
COCO	46	wine glass	kitchen	instances_2017	true	selected	oewn	2025-plus	oewn:2025+	joined_variant	wineglass	true	1	oewn-04599402-n	noun.artifact	oewn-04599402-n	oewn-04599402-n:noun.artifact:wineglass			wineglass	wineglass	selected_single_label_or_lookup_matched_wordnet_lemma	wineglass	wineglass:1	oewn-03443167-n	oewn-03443167-n:noun.artifact	oewn-03443167-n:glass;drinking glass	selected_all_immediate_oewn_hypernyms	object_compatible	pass			false	true			single_oewn_noun_synset	single_oewn_noun_synset
COCO	47	cup	kitchen	instances_2017	false	not_mwe	oewn	2025-plus	oewn:2025+	exact	cup	true	8	oewn-03152175-n	noun.artifact	oewn-03152175-n|oewn-13788873-n|oewn-13927671-n|oewn-13640449-n|oewn-12288358-n|oewn-07947104-n|oewn-03152796-n|oewn-03152567-n	oewn-03152175-n:noun.artifact:cup|oewn-13788873-n:noun.quantity:cup;cupful|oewn-13927671-n:noun.shape:cup|oewn-13640449-n:noun.quantity:cup|oewn-12288358-n:noun.plant:cup|oewn-07947104-n:noun.food:cup|oewn-03152796-n:noun.artifact:cup|oewn-03152567-n:noun.artifact:cup;loving cup			cup	cup	selected_single_label_or_lookup_matched_wordnet_lemma	cup	cup:14	oewn-03138189-n|oewn-03099154-n	oewn-03138189-n:noun.artifact|oewn-03099154-n:noun.artifact	oewn-03138189-n:crockery;dishware|oewn-03099154-n:container	selected_all_immediate_oewn_hypernyms	object_compatible	pass			false	true	wn30_unique_max	oewn-03152175-n:cup%1:06:00:::cup.n.01:14|oewn-13788873-n:cup%1:23:01:::cup.n.02:7|oewn-13927671-n:cup%1:25:00:::cup.n.03:2|oewn-13640449-n:cup%1:23:02:::cup.n.04:0|oewn-12288358-n:cup%1:20:00:::cup.n.05:0|oewn-07947104-n:cup%1:13:00:::cup.n.06:0|oewn-03152796-n:cup%1:06:02:::cup.n.07:0|oewn-03152567-n:cup%1:06:01:::cup.n.08:0	selected_by_wn30_lemma_count	selected_by_wn30_lemma_count
COCO	48	fork	kitchen	instances_2017	false	not_mwe	oewn	2025-plus	oewn:2025+	exact	fork	true	5	oewn-03388794-n	noun.artifact	oewn-03388794-n|oewn-00389200-n|oewn-13937280-n|oewn-03389013-n|oewn-05605191-n	oewn-03388794-n:noun.artifact:fork|oewn-00389200-n:noun.act:branching;ramification;fork;forking|oewn-13937280-n:noun.shape:fork;crotch|oewn-03389013-n:noun.artifact:fork|oewn-05605191-n:noun.body:crotch;fork			fork	fork	selected_single_label_or_lookup_matched_wordnet_lemma	fork	fork:4	oewn-03158041-n	oewn-03158041-n:noun.artifact	oewn-03158041-n:cutlery;eating utensil	selected_all_immediate_oewn_hypernyms	object_compatible	pass			false	true	wn30_unique_max	oewn-03388794-n:fork%1:06:00:::fork.n.01:4|oewn-00389200-n:fork%1:04:00:::branching.n.01:2|oewn-13937280-n:fork%1:25:00:::fork.n.03:1|oewn-03389013-n:fork%1:06:02:::fork.n.04:1|oewn-05605191-n:fork%1:08:00:::crotch.n.02:0	selected_by_wn30_lemma_count	selected_by_wn30_lemma_count
COCO	49	knife	kitchen	instances_2017	false	not_mwe	oewn	2025-plus	oewn:2025+	exact	knife	true	3	oewn-03628765-n	noun.artifact	oewn-03628765-n|oewn-03629343-n|oewn-13941420-n	oewn-03628765-n:noun.artifact:knife|oewn-03629343-n:noun.artifact:knife|oewn-13941420-n:noun.shape:tongue;knife			knife	knife	selected_single_label_or_lookup_matched_wordnet_lemma	knife	knife:6	oewn-03269943-n	oewn-03269943-n:noun.artifact	oewn-03269943-n:edge tool	selected_all_immediate_oewn_hypernyms	object_compatible	pass			false	true	wn30_unique_max	oewn-03628765-n:knife%1:06:00:::knife.n.01:6|oewn-03629343-n:knife%1:06:01:::knife.n.02:5|oewn-13941420-n:knife%1:25:00:::tongue.n.03:1	selected_by_wn30_lemma_count	selected_by_wn30_lemma_count
COCO	50	spoon	kitchen	instances_2017	false	not_mwe	oewn	2025-plus	oewn:2025+	exact	spoon	true	3	oewn-04291140-n	noun.artifact	oewn-04291140-n|oewn-13792309-n|oewn-04291479-n	oewn-04291140-n:noun.artifact:spoon|oewn-13792309-n:noun.quantity:spoon;spoonful|oewn-04291479-n:noun.artifact:spoon			spoon	spoon	selected_single_label_or_lookup_matched_wordnet_lemma	spoon	spoon:1	oewn-03158041-n|oewn-03099154-n	oewn-03158041-n:noun.artifact|oewn-03099154-n:noun.artifact	oewn-03158041-n:cutlery;eating utensil|oewn-03099154-n:container	selected_all_immediate_oewn_hypernyms	object_compatible	pass			false	true	wn30_unique_max	oewn-04291140-n:spoon%1:06:00:::spoon.n.01:1|oewn-13792309-n:spoon%1:23:00:::spoon.n.02:0|oewn-04291479-n:spoon%1:06:01:::spoon.n.03:0	selected_by_wn30_lemma_count	selected_by_wn30_lemma_count
COCO	51	bowl	kitchen	instances_2017	false	not_mwe	oewn	2025-plus	oewn:2025+	exact	bowl	true	9	oewn-02884435-n	noun.artifact	oewn-02884435-n|oewn-13916387-n|oewn-02884182-n|oewn-13787671-n|oewn-04303019-n|oewn-02885542-n|oewn-02884787-n|oewn-02884638-n|oewn-00105229-n	oewn-02884435-n:noun.artifact:bowl|oewn-13916387-n:noun.shape:bowl;trough|oewn-02884182-n:noun.artifact:bowl|oewn-13787671-n:noun.quantity:bowl;bowlful|oewn-04303019-n:noun.artifact:stadium;bowl;arena;sports stadium|oewn-02885542-n:noun.artifact:bowling ball;bowl|oewn-02884787-n:noun.artifact:bowl|oewn-02884638-n:noun.artifact:bowl;pipe bowl|oewn-00105229-n:noun.act:roll;bowl			bowl	bowl	selected_single_label_or_lookup_matched_wordnet_lemma	bowl	bowl:2	oewn-04538393-n	oewn-04538393-n:noun.artifact	oewn-04538393-n:vessel	selected_all_immediate_oewn_hypernyms	object_compatible	pass			false	true	wn30_unique_max	oewn-02884435-n:bowl%1:06:01:::bowl.n.01:2|oewn-13916387-n:bowl%1:25:00:::bowl.n.02:1|oewn-02884182-n:bowl%1:06:00:::bowl.n.03:1|oewn-13787671-n:bowl%1:23:00:::bowl.n.04:0|oewn-04303019-n:bowl%1:06:03:::stadium.n.01:0|oewn-02885542-n:bowl%1:06:05:::bowling_ball.n.01:0|oewn-02884787-n:bowl%1:06:04:::bowl.n.07:0|oewn-02884638-n:bowl%1:06:02:::bowl.n.08:0|oewn-00105229-n:bowl%1:04:00:::roll.n.15:0	selected_by_wn30_lemma_count	selected_by_wn30_lemma_count
COCO	52	banana	food	instances_2017	false	not_mwe	oewn	2025-plus	oewn:2025+	exact	banana	true	2	oewn-07769568-n	noun.food	oewn-12372804-n|oewn-07769568-n	oewn-12372804-n:noun.plant:banana;banana tree|oewn-07769568-n:noun.food:banana	noun.food	oewn-07769568-n:noun.food:banana	banana	banana	selected_single_label_or_lookup_matched_wordnet_lemma	banana	banana:1	oewn-07721676-n	oewn-07721676-n:noun.food	oewn-07721676-n:edible fruit	selected_all_immediate_oewn_hypernyms	object_compatible	pass			false	true			selected_by_coco_supercategory_oewn_lexfile	selected_by_coco_supercategory_oewn_lexfile
COCO	53	apple	food	instances_2017	false	not_mwe	oewn	2025-plus	oewn:2025+	exact	apple	true	2	oewn-07755101-n	noun.food	oewn-07755101-n|oewn-12654755-n	oewn-07755101-n:noun.food:apple|oewn-12654755-n:noun.plant:apple;orchard apple tree;Malus pumila	noun.food	oewn-07755101-n:noun.food:apple	apple	apple	selected_single_label_or_lookup_matched_wordnet_lemma	apple	apple:1	oewn-07721676-n|oewn-13159619-n	oewn-07721676-n:noun.food|oewn-13159619-n:noun.plant	oewn-07721676-n:edible fruit|oewn-13159619-n:pome;false fruit	selected_all_immediate_oewn_hypernyms	object_compatible	pass			false	true			selected_by_coco_supercategory_oewn_lexfile	selected_by_coco_supercategory_oewn_lexfile
COCO	54	sandwich	food	instances_2017	false	not_mwe	oewn	2025-plus	oewn:2025+	exact	sandwich	true	1	oewn-07711710-n	noun.food	oewn-07711710-n	oewn-07711710-n:noun.food:sandwich	noun.food	oewn-07711710-n:noun.food:sandwich	sandwich	sandwich	selected_single_label_or_lookup_matched_wordnet_lemma	sandwich	sandwich:6	oewn-07728127-n	oewn-07728127-n:noun.food	oewn-07728127-n:snack food	selected_all_immediate_oewn_hypernyms	object_compatible	pass			false	true			single_oewn_noun_synset	single_oewn_noun_synset
COCO	55	orange	food	instances_2017	false	not_mwe	oewn	2025-plus	oewn:2025+	exact	orange	true	5	oewn-07763583-n	noun.food	oewn-09402617-n|oewn-07763583-n|oewn-04972356-n|oewn-12729053-n|oewn-15015777-n	oewn-09402617-n:noun.object:Orange;Orange River|oewn-07763583-n:noun.food:orange|oewn-04972356-n:noun.attribute:orange;orangeness|oewn-12729053-n:noun.plant:orange;orange tree|oewn-15015777-n:noun.substance:orange	noun.food	oewn-07763583-n:noun.food:orange	orange	orange	selected_single_label_or_lookup_matched_wordnet_lemma	orange	orange:4	oewn-07763031-n	oewn-07763031-n:noun.food	oewn-07763031-n:citrus;citrus fruit;citrous fruit	selected_all_immediate_oewn_hypernyms	object_compatible	pass			false	true			selected_by_coco_supercategory_oewn_lexfile	selected_by_coco_supercategory_oewn_lexfile
COCO	56	broccoli	food	instances_2017	false	not_mwe	oewn	2025-plus	oewn:2025+	exact	broccoli	true	2	oewn-07730735-n	noun.food	oewn-11897272-n|oewn-07730735-n	oewn-11897272-n:noun.plant:broccoli;Brassica oleracea italica|oewn-07730735-n:noun.food:broccoli	noun.food	oewn-07730735-n:noun.food:broccoli	broccoli	broccoli	selected_single_label_or_lookup_matched_wordnet_lemma	broccoli	broccoli:0	oewn-07729140-n	oewn-07729140-n:noun.food	oewn-07729140-n:cruciferous vegetable	selected_all_immediate_oewn_hypernyms	object_compatible	pass			false	true			selected_by_coco_supercategory_oewn_lexfile	selected_by_coco_supercategory_oewn_lexfile
COCO	57	carrot	food	instances_2017	false	not_mwe	oewn	2025-plus	oewn:2025+	exact	carrot	true	4	oewn-07746183-n	noun.food	oewn-12958438-n|oewn-12958148-n|oewn-07746183-n|oewn-01222212-n	oewn-12958438-n:noun.plant:carrot|oewn-12958148-n:noun.plant:carrot;cultivated carrot;Daucus carota sativa|oewn-07746183-n:noun.food:carrot|oewn-01222212-n:noun.act:carrot	noun.food	oewn-07746183-n:noun.food:carrot	carrot	carrot	selected_single_label_or_lookup_matched_wordnet_lemma	carrot	carrot:0	oewn-07726028-n	oewn-07726028-n:noun.food	oewn-07726028-n:root vegetable	selected_all_immediate_oewn_hypernyms	object_compatible	pass			false	true			selected_by_coco_supercategory_oewn_lexfile	selected_by_coco_supercategory_oewn_lexfile
COCO	58	hot dog	food	instances_2017	true	selected	oewn	2025-plus	oewn:2025+	exact	hot dog	true	3	oewn-07713282-n	noun.food	oewn-10207329-n|oewn-07713282-n|oewn-07692347-n	oewn-10207329-n:noun.person:hotdog;hot dog|oewn-07713282-n:noun.food:hotdog;hot dog;red hot|oewn-07692347-n:noun.food:frank;frankfurter;hotdog;hot dog;dog;wiener;wienerwurst;weenie	noun.food	oewn-07713282-n:noun.food:hotdog;hot dog;red hot|oewn-07692347-n:noun.food:frank;frankfurter;hotdog;hot dog;dog;wiener;wienerwurst;weenie	hotdog|hot dog|red hot	hot dog	selected_by_source_label_surface_after_wn30_all_zero	hotdog|hot dog	hotdog:0|hot dog:0	oewn-07711710-n	oewn-07711710-n:noun.food	oewn-07711710-n:sandwich	selected_all_immediate_oewn_hypernyms	object_compatible	manual_override	select:oewn-07713282-n	COCO food category refers to the served food on a bun, not the sausage-only sense.	false	true	wn30_all_zero	oewn-07713282-n:hotdog%1:13:02:::hotdog.n.02:0;hot_dog%1:13:02:::hotdog.n.02:0|oewn-07692347-n:hotdog%1:13:01:::frank.n.02:0;hot_dog%1:13:01:::frank.n.02:0	manual_select	manual_select
COCO	59	pizza	food	instances_2017	false	not_mwe	oewn	2025-plus	oewn:2025+	exact	pizza	true	1	oewn-07889783-n	noun.food	oewn-07889783-n	oewn-07889783-n:noun.food:pizza;pizza pie	noun.food	oewn-07889783-n:noun.food:pizza;pizza pie	pizza|pizza pie	pizza	selected_single_label_or_lookup_matched_wordnet_lemma	pizza	pizza:1	oewn-07572999-n	oewn-07572999-n:noun.food	oewn-07572999-n:dish	selected_all_immediate_oewn_hypernyms	object_compatible	pass			false	true			single_oewn_noun_synset	single_oewn_noun_synset
COCO	60	donut	food	instances_2017	false	not_mwe	oewn	2025-plus	oewn:2025+	exact	donut	true	1	oewn-07654678-n	noun.food	oewn-07654678-n	oewn-07654678-n:noun.food:doughnut;donut;sinker	noun.food	oewn-07654678-n:noun.food:doughnut;donut;sinker	doughnut|donut|sinker	donut	selected_single_label_or_lookup_matched_wordnet_lemma	donut	donut:0	oewn-07654285-n	oewn-07654285-n:noun.food	oewn-07654285-n:friedcake	selected_all_immediate_oewn_hypernyms	object_compatible	pass			false	true			single_oewn_noun_synset	single_oewn_noun_synset
COCO	61	cake	food	instances_2017	false	not_mwe	oewn	2025-plus	oewn:2025+	exact	cake	true	3	oewn-07644479-n	noun.food	oewn-02940853-n|oewn-07679644-n|oewn-07644479-n	oewn-02940853-n:noun.artifact:cake;bar|oewn-07679644-n:noun.food:patty;cake|oewn-07644479-n:noun.food:cake	noun.food	oewn-07679644-n:noun.food:patty;cake|oewn-07644479-n:noun.food:cake	cake	cake	selected_single_label_or_lookup_matched_wordnet_lemma	cake	cake:0	oewn-07637670-n	oewn-07637670-n:noun.food	oewn-07637670-n:baked goods	selected_all_immediate_oewn_hypernyms	object_compatible	manual_override	select:oewn-07644479-n	COCO food category refers to baked cake.	false	true	wn30_all_zero	oewn-07679644-n:cake%1:13:02:::patty.n.01:0|oewn-07644479-n:cake%1:13:00:::cake.n.03:0	manual_select	manual_select
COCO	62	chair	furniture	instances_2017	false	not_mwe	oewn	2025-plus	oewn:2025+	exact	chair	true	5	oewn-03005231-n	noun.artifact	oewn-03005231-n|oewn-00599171-n|oewn-10488547-n|oewn-03275941-n|oewn-03005700-n	oewn-03005231-n:noun.artifact:chair|oewn-00599171-n:noun.act:professorship;chair|oewn-10488547-n:noun.person:president;chair;chairperson|oewn-03275941-n:noun.artifact:electric chair;chair;death chair;hot seat|oewn-03005700-n:noun.artifact:chair			chair	chair	selected_single_label_or_lookup_matched_wordnet_lemma	chair	chair:35	oewn-04169042-n	oewn-04169042-n:noun.artifact	oewn-04169042-n:seat	selected_all_immediate_oewn_hypernyms	object_compatible	pass			false	true	wn30_unique_max	oewn-03005231-n:chair%1:06:00:::chair.n.01:35|oewn-00599171-n:chair%1:04:00:::professorship.n.01:2|oewn-10488547-n:chair%1:18:00:::president.n.04:0|oewn-03275941-n:chair%1:06:01:::electric_chair.n.01:0|oewn-03005700-n:chair%1:06:02:::chair.n.05:0	selected_by_wn30_lemma_count	selected_by_wn30_lemma_count
COCO	63	couch	furniture	instances_2017	false	not_mwe	oewn	2025-plus	oewn:2025+	exact	couch	true	3	oewn-04263630-n	noun.artifact	oewn-04263630-n|oewn-03120548-n|oewn-03120413-n	oewn-04263630-n:noun.artifact:sofa;couch;lounge|oewn-03120548-n:noun.artifact:couch|oewn-03120413-n:noun.artifact:couch			sofa|couch|lounge	couch	selected_single_label_or_lookup_matched_wordnet_lemma	couch	couch:5	oewn-04169042-n	oewn-04169042-n:noun.artifact	oewn-04169042-n:seat	selected_all_immediate_oewn_hypernyms	object_compatible	pass			false	true	wn30_unique_max	oewn-04263630-n:couch%1:06:00:::sofa.n.01:5|oewn-03120548-n:couch%1:06:02:::couch.n.02:0|oewn-03120413-n:couch%1:06:01:::couch.n.03:0	selected_by_wn30_lemma_count	selected_by_wn30_lemma_count
COCO	64	potted plant	furniture	instances_2017	true	unresolved	oewn	2025-plus	oewn:2025+	unresolved		false	0									not_applicable_no_selected_synset						not_applicable_no_selected_synset		not_applicable			false	true			unresolved_no_oewn_noun_synset	unresolved_no_oewn_noun_synset
COCO	65	bed	furniture	instances_2017	false	not_mwe	oewn	2025-plus	oewn:2025+	exact	bed	true	8	oewn-02821967-n	noun.artifact	oewn-02821967-n|oewn-02822609-n|oewn-09240545-n|oewn-09240774-n|oewn-08676707-n|oewn-03655499-n|oewn-02823016-n|oewn-02822832-n	oewn-02821967-n:noun.artifact:bed|oewn-02822609-n:noun.artifact:bed|oewn-09240545-n:noun.object:bed;bottom|oewn-09240774-n:noun.object:bed|oewn-08676707-n:noun.location:seam;bed|oewn-03655499-n:noun.artifact:layer;bed|oewn-02823016-n:noun.artifact:bed|oewn-02822832-n:noun.artifact:bed			bed	bed	selected_single_label_or_lookup_matched_wordnet_lemma	bed	bed:51	oewn-02825078-n	oewn-02825078-n:noun.artifact	oewn-02825078-n:bedroom furniture	selected_all_immediate_oewn_hypernyms	object_compatible	pass			false	true	wn30_unique_max	oewn-02821967-n:bed%1:06:00:::bed.n.01:51|oewn-02822609-n:bed%1:06:01:::bed.n.02:3|oewn-09240545-n:bed%1:17:00:::bed.n.03:2|oewn-09240774-n:bed%1:17:01:::bed.n.04:0|oewn-08676707-n:bed%1:15:00:::seam.n.03:0|oewn-03655499-n:bed%1:06:04:::layer.n.01:0|oewn-02823016-n:bed%1:06:03:::bed.n.07:0|oewn-02822832-n:bed%1:06:02:::bed.n.08:0	selected_by_wn30_lemma_count	selected_by_wn30_lemma_count
COCO	67	dining table	furniture	instances_2017	true	selected	oewn	2025-plus	oewn:2025+	exact	dining table	true	1	oewn-03205892-n	noun.artifact	oewn-03205892-n	oewn-03205892-n:noun.artifact:dining table;board			dining table|board	dining table	selected_single_label_or_lookup_matched_wordnet_lemma	dining table	dining table:1	oewn-04387051-n	oewn-04387051-n:noun.artifact	oewn-04387051-n:table	selected_all_immediate_oewn_hypernyms	object_compatible	pass			false	true			single_oewn_noun_synset	single_oewn_noun_synset
COCO	70	toilet	furniture	instances_2017	false	not_mwe	oewn	2025-plus	oewn:2025+	exact	toilet	true	4	oewn-04453410-n	noun.artifact	oewn-04453410-n|oewn-04453655-n|oewn-14499576-n|oewn-00830365-n	oewn-04453410-n:noun.artifact:toilet;lavatory;lav;can;john;privy;bathroom|oewn-04453655-n:noun.artifact:toilet;can;commode;crapper;pot;potty;stool;throne|oewn-14499576-n:noun.state:gutter;sewer;toilet|oewn-00830365-n:noun.act:toilet;toilette			toilet|lavatory|lav|can|john|privy|bathroom	toilet	selected_single_label_or_lookup_matched_wordnet_lemma	toilet	toilet:3	oewn-04112987-n	oewn-04112987-n:noun.artifact	oewn-04112987-n:room	selected_all_immediate_oewn_hypernyms	object_compatible	pass			false	true	wn30_unique_max	oewn-04453410-n:toilet%1:06:00:::toilet.n.01:3|oewn-04453655-n:toilet%1:06:01:::toilet.n.02:2|oewn-14499576-n:toilet%1:26:00:::gutter.n.02:0|oewn-00830365-n:toilet%1:04:00:::toilet.n.04:0	selected_by_wn30_lemma_count	selected_by_wn30_lemma_count
COCO	72	tv	electronic	instances_2017	false	not_mwe	oewn	2025-plus	oewn:2025+	exact	tv	true	2	oewn-04413042-n	noun.artifact	oewn-06287933-n|oewn-04413042-n	oewn-06287933-n:noun.communication:television;telecasting;TV;video|oewn-04413042-n:noun.artifact:television receiver;television;television set;tv;tv set;idiot box;boob tube;telly;goggle box			television receiver|television|television set|tv|tv set|idiot box|boob tube|telly|goggle box	tv	selected_single_label_or_lookup_matched_wordnet_lemma	tv	tv:1	oewn-04067759-n	oewn-04067759-n:noun.artifact	oewn-04067759-n:receiver;receiving system	selected_all_immediate_oewn_hypernyms	object_compatible	manual_override	select:oewn-04413042-n	COCO electronic category refers to the physical television receiver.	false	true	wn30_unique_max	oewn-06287933-n:tv%1:10:00:::television.n.01:9|oewn-04413042-n:tv%1:06:00:::television_receiver.n.01:1	manual_select	manual_select
COCO	73	laptop	electronic	instances_2017	false	not_mwe	oewn	2025-plus	oewn:2025+	exact	laptop	true	1	oewn-03648120-n	noun.artifact	oewn-03648120-n	oewn-03648120-n:noun.artifact:laptop;laptop computer			laptop|laptop computer	laptop	selected_single_label_or_lookup_matched_wordnet_lemma	laptop	laptop:0	oewn-03991590-n	oewn-03991590-n:noun.artifact	oewn-03991590-n:portable computer	selected_all_immediate_oewn_hypernyms	object_compatible	pass			false	true			single_oewn_noun_synset	single_oewn_noun_synset
COCO	74	mouse	electronic	instances_2017	false	not_mwe	oewn	2025-plus	oewn:2025+	exact	mouse	true	4	oewn-02332897-n	noun.animal	oewn-02332897-n|oewn-14312889-n|oewn-10355276-n|oewn-03799022-n	oewn-02332897-n:noun.animal:mouse|oewn-14312889-n:noun.state:shiner;black eye;mouse|oewn-10355276-n:noun.person:mouse|oewn-03799022-n:noun.artifact:mouse;computer mouse			mouse	mouse	selected_single_label_or_lookup_matched_wordnet_lemma	mouse	mouse:14	oewn-02332053-n	oewn-02332053-n:noun.animal	oewn-02332053-n:rodent;gnawer	selected_all_immediate_oewn_hypernyms	object_compatible	pass			false	true	wn30_unique_max	oewn-02332897-n:mouse%1:05:00:::mouse.n.01:14|oewn-14312889-n:mouse%1:26:00:::shiner.n.01:0|oewn-10355276-n:mouse%1:18:00:::mouse.n.03:0|oewn-03799022-n:mouse%1:06:00:::mouse.n.04:0	selected_by_wn30_lemma_count	selected_by_wn30_lemma_count
COCO	75	remote	electronic	instances_2017	false	not_mwe	oewn	2025-plus	oewn:2025+	exact	remote	true	1	oewn-04082075-n	noun.artifact	oewn-04082075-n	oewn-04082075-n:noun.artifact:remote control;remote			remote control|remote	remote	selected_single_label_or_lookup_matched_wordnet_lemma	remote	remote:0	oewn-03187746-n	oewn-03187746-n:noun.artifact	oewn-03187746-n:device	selected_all_immediate_oewn_hypernyms	object_compatible	pass			false	true			single_oewn_noun_synset	single_oewn_noun_synset
COCO	76	keyboard	electronic	instances_2017	false	not_mwe	oewn	2025-plus	oewn:2025+	exact	keyboard	true	2	oewn-03619216-n	noun.artifact	oewn-03619216-n|oewn-03619082-n	oewn-03619216-n:noun.artifact:keyboard|oewn-03619082-n:noun.artifact:keyboard			keyboard	keyboard	selected_single_label_or_lookup_matched_wordnet_lemma	keyboard	keyboard:2	oewn-03187746-n	oewn-03187746-n:noun.artifact	oewn-03187746-n:device	selected_all_immediate_oewn_hypernyms	object_compatible	pass			false	true	wn30_unique_max	oewn-03619216-n:keyboard%1:06:01:::keyboard.n.01:2|oewn-03619082-n:keyboard%1:06:00:::keyboard.n.02:0	selected_by_wn30_lemma_count	selected_by_wn30_lemma_count
COCO	77	cell phone	electronic	instances_2017	true	selected	oewn	2025-plus	oewn:2025+	joined_variant	cellphone	true	1	oewn-02995984-n	noun.artifact	oewn-02995984-n	oewn-02995984-n:noun.artifact:cellular telephone;cellular phone;cellphone;cell;mobile phone			cellular telephone|cellular phone|cellphone|cell|mobile phone	cellphone	selected_single_label_or_lookup_matched_wordnet_lemma	cellphone	cellphone:0	oewn-04051578-n	oewn-04051578-n:noun.artifact	oewn-04051578-n:radiotelephone;radiophone;wireless telephone	selected_all_immediate_oewn_hypernyms	object_compatible	pass			false	true			single_oewn_noun_synset	single_oewn_noun_synset
COCO	78	microwave	appliance	instances_2017	false	not_mwe	oewn	2025-plus	oewn:2025+	exact	microwave	true	2	oewn-03766619-n	noun.artifact	oewn-11502712-n|oewn-03766619-n	oewn-11502712-n:noun.phenomenon:microwave|oewn-03766619-n:noun.artifact:microwave;microwave oven			microwave|microwave oven	microwave	selected_single_label_or_lookup_matched_wordnet_lemma	microwave	microwave:0	oewn-03625261-n	oewn-03625261-n:noun.artifact	oewn-03625261-n:kitchen appliance	selected_all_immediate_oewn_hypernyms	object_compatible	manual_override	select:oewn-03766619-n	COCO appliance category refers to the physical microwave oven.	false	true	wn30_unique_max	oewn-11502712-n:microwave%1:19:00:::microwave.n.01:2|oewn-03766619-n:microwave%1:06:00:::microwave.n.02:0	manual_select	manual_select
COCO	79	oven	appliance	instances_2017	false	not_mwe	oewn	2025-plus	oewn:2025+	exact	oven	true	1	oewn-03868196-n	noun.artifact	oewn-03868196-n	oewn-03868196-n:noun.artifact:oven			oven	oven	selected_single_label_or_lookup_matched_wordnet_lemma	oven	oven:1	oewn-03625261-n	oewn-03625261-n:noun.artifact	oewn-03625261-n:kitchen appliance	selected_all_immediate_oewn_hypernyms	object_compatible	pass			false	true			single_oewn_noun_synset	single_oewn_noun_synset
COCO	80	toaster	appliance	instances_2017	false	not_mwe	oewn	2025-plus	oewn:2025+	exact	toaster	true	2	oewn-04449446-n	noun.artifact	oewn-10733151-n|oewn-04449446-n	oewn-10733151-n:noun.person:toaster;wassailer|oewn-04449446-n:noun.artifact:toaster			toaster	toaster	selected_single_label_or_lookup_matched_wordnet_lemma	toaster	toaster:0	oewn-03625261-n	oewn-03625261-n:noun.artifact	oewn-03625261-n:kitchen appliance	selected_all_immediate_oewn_hypernyms	object_compatible	manual_override	select:oewn-04449446-n	COCO appliance category refers to the physical toaster.	false	true	wn30_all_zero	oewn-10733151-n:toaster%1:18:00:::toaster.n.01:0|oewn-04449446-n:toaster%1:06:00:::toaster.n.02:0	manual_select	manual_select
COCO	81	sink	appliance	instances_2017	false	not_mwe	oewn	2025-plus	oewn:2025+	exact	sink	true	4	oewn-04230655-n	noun.artifact	oewn-04230655-n|oewn-13577118-n|oewn-09458643-n|oewn-03002170-n	oewn-04230655-n:noun.artifact:sink|oewn-13577118-n:noun.process:sink|oewn-09458643-n:noun.object:sinkhole;sink;swallow hole|oewn-03002170-n:noun.artifact:cesspool;cesspit;sink;sump			sink	sink	selected_single_label_or_lookup_matched_wordnet_lemma	sink	sink:4	oewn-03975617-n	oewn-03975617-n:noun.artifact	oewn-03975617-n:plumbing fixture	selected_all_immediate_oewn_hypernyms	object_compatible	pass			false	true	wn30_unique_max	oewn-04230655-n:sink%1:06:00:::sink.n.01:4|oewn-13577118-n:sink%1:22:00:::sink.n.02:0|oewn-09458643-n:sink%1:17:00:::sinkhole.n.01:0|oewn-03002170-n:sink%1:06:01:::cesspool.n.01:0	selected_by_wn30_lemma_count	selected_by_wn30_lemma_count
COCO	82	refrigerator	appliance	instances_2017	false	not_mwe	oewn	2025-plus	oewn:2025+	exact	refrigerator	true	1	oewn-04077839-n	noun.artifact	oewn-04077839-n	oewn-04077839-n:noun.artifact:refrigerator;icebox			refrigerator|icebox	refrigerator	selected_single_label_or_lookup_matched_wordnet_lemma	refrigerator	refrigerator:2	oewn-04587779-n	oewn-04587779-n:noun.artifact	oewn-04587779-n:white goods	selected_all_immediate_oewn_hypernyms	object_compatible	pass			false	true			single_oewn_noun_synset	single_oewn_noun_synset
COCO	84	book	indoor	instances_2017	false	not_mwe	oewn	2025-plus	oewn:2025+	exact	book	true	11	oewn-02873453-n	noun.artifact	oewn-06473279-n|oewn-06422547-n|oewn-06443410-n|oewn-02873453-n|oewn-06649049-n|oewn-07023062-n|oewn-13425421-n|oewn-07971027-n|oewn-07970797-n|oewn-06406508-n|oewn-02873887-n	oewn-06473279-n:noun.communication:Koran;Quran;al-Qur'an;Book|oewn-06422547-n:noun.communication:book|oewn-06443410-n:noun.communication:Bible;Christian Bible;Book;Good Book;Holy Scripture;Holy Writ;Scripture;Word of God;Word|oewn-02873453-n:noun.artifact:book;volume|oewn-06649049-n:noun.communication:record;record book;book|oewn-07023062-n:noun.communication:script;book;playscript|oewn-13425421-n:noun.possession:ledger;leger;account book;book of account;book|oewn-07971027-n:noun.group:book|oewn-07970797-n:noun.group:book;rule book|oewn-06406508-n:noun.communication:book|oewn-02873887-n:noun.artifact:book			book|volume	book	selected_single_label_or_lookup_matched_wordnet_lemma	book	book:10	oewn-04014270-n	oewn-04014270-n:noun.artifact	oewn-04014270-n:product;production	selected_all_immediate_oewn_hypernyms	object_compatible	manual_override	select:oewn-02873453-n	User decision: COCO book category is treated as the physical artifact sense.	false	true	wn30_unique_max	oewn-06473279-n:al--qur-apos-an%1:10:00::=wn30_missing;book%1:10:05:::koran.n.01:0|oewn-06422547-n:book%1:10:00:::book.n.01:46|oewn-06443410-n:book%1:10:04:::bible.n.01:0|oewn-02873453-n:book%1:06:00:::book.n.02:10|oewn-06649049-n:book%1:10:02:::record.n.05:2|oewn-07023062-n:book%1:10:01:::script.n.01:1|oewn-13425421-n:book%1:21:00:::ledger.n.01:0|oewn-07971027-n:book%1:14:01:::book.n.06:0|oewn-07970797-n:book%1:14:00:::book.n.07:0|oewn-06406508-n:book%1:10:03:::book.n.10:0|oewn-02873887-n:book%1:06:02:::book.n.11:0	manual_select	manual_select
COCO	85	clock	indoor	instances_2017	false	not_mwe	oewn	2025-plus	oewn:2025+	exact	clock	true	1	oewn-03050242-n	noun.artifact	oewn-03050242-n	oewn-03050242-n:noun.artifact:clock			clock	clock	selected_single_label_or_lookup_matched_wordnet_lemma	clock	clock:15	oewn-04445087-n	oewn-04445087-n:noun.artifact	oewn-04445087-n:timepiece;timekeeper;horologe	selected_all_immediate_oewn_hypernyms	object_compatible	pass			false	true			single_oewn_noun_synset	single_oewn_noun_synset
COCO	86	vase	indoor	instances_2017	false	not_mwe	oewn	2025-plus	oewn:2025+	exact	vase	true	1	oewn-04529463-n	noun.artifact	oewn-04529463-n	oewn-04529463-n:noun.artifact:vase			vase	vase	selected_single_label_or_lookup_matched_wordnet_lemma	vase	vase:12	oewn-03598713-n	oewn-03598713-n:noun.artifact	oewn-03598713-n:jar	selected_all_immediate_oewn_hypernyms	object_compatible	pass			false	true			single_oewn_noun_synset	single_oewn_noun_synset
COCO	87	scissors	indoor	instances_2017	false	not_mwe	oewn	2025-plus	oewn:2025+	exact	scissors	true	3	oewn-04155119-n	noun.artifact	oewn-04155119-n|oewn-00816326-n|oewn-00439665-n	oewn-04155119-n:noun.artifact:scissors;pair of scissors|oewn-00816326-n:noun.act:scissors;scissors hold;scissor hold;scissor grip;scissors grip|oewn-00439665-n:noun.act:scissors			scissors|pair of scissors	scissors	selected_single_label_or_lookup_matched_wordnet_lemma	scissors	scissors:0	oewn-03269943-n|oewn-03086131-n	oewn-03269943-n:noun.artifact|oewn-03086131-n:noun.artifact	oewn-03269943-n:edge tool|oewn-03086131-n:compound lever	selected_all_immediate_oewn_hypernyms	object_compatible	manual_override	select:oewn-04155119-n	COCO indoor category refers to the physical cutting tool.	false	true	wn30_all_zero	oewn-04155119-n:scissors%1:06:00:::scissors.n.01:0|oewn-00816326-n:scissors%1:04:00:::scissors.n.02:0|oewn-00439665-n:scissors%1:04:01:::scissors.n.03:0	manual_select	manual_select
COCO	88	teddy bear	indoor	instances_2017	true	selected	oewn	2025-plus	oewn:2025+	exact	teddy bear	true	1	oewn-04406517-n	noun.artifact	oewn-04406517-n	oewn-04406517-n:noun.artifact:teddy;teddy bear			teddy|teddy bear	teddy bear	selected_single_label_or_lookup_matched_wordnet_lemma	teddy bear	teddy bear:0	oewn-03971038-n	oewn-03971038-n:noun.artifact	oewn-03971038-n:plaything;toy	selected_all_immediate_oewn_hypernyms	object_compatible	pass			false	true			single_oewn_noun_synset	single_oewn_noun_synset
COCO	89	hair drier	indoor	instances_2017	true	selected	oewn	2025-plus	oewn:2025+	exact	hair drier	true	1	oewn-03488399-n	noun.artifact	oewn-03488399-n	oewn-03488399-n:noun.artifact:hand blower;blow dryer;blow drier;hair dryer;hair drier			hand blower|blow dryer|blow drier|hair dryer|hair drier	hair drier	selected_single_label_or_lookup_matched_wordnet_lemma	hair drier	hair drier:0	oewn-02858369-n|oewn-03256469-n	oewn-02858369-n:noun.artifact|oewn-03256469-n:noun.artifact	oewn-02858369-n:blower|oewn-03256469-n:dryer;drier	selected_all_immediate_oewn_hypernyms	object_compatible	pass			false	true			single_oewn_noun_synset	single_oewn_noun_synset
COCO	90	toothbrush	indoor	instances_2017	false	not_mwe	oewn	2025-plus	oewn:2025+	exact	toothbrush	true	2	oewn-04460427-n	noun.artifact	oewn-04460427-n|oewn-05269921-n	oewn-04460427-n:noun.artifact:toothbrush|oewn-05269921-n:noun.body:soup-strainer;toothbrush			toothbrush	toothbrush	selected_single_label_or_lookup_matched_wordnet_lemma	toothbrush	toothbrush:1	oewn-02911542-n|oewn-04454577-n	oewn-02911542-n:noun.artifact|oewn-04454577-n:noun.artifact	oewn-02911542-n:brush|oewn-04454577-n:toiletry;toilet articles	selected_all_immediate_oewn_hypernyms	object_compatible	pass			false	true	wn30_unique_max	oewn-04460427-n:toothbrush%1:06:00:::toothbrush.n.01:1|oewn-05269921-n:soup--strainer%1:08:00::=wn30_missing;toothbrush%1:08:00:::soup-strainer.n.01:0	selected_by_wn30_lemma_count	selected_by_wn30_lemma_count
