dataset	category_id	label	supercategory	source_version	wordnet_source	wordnet_version	wordnet_query	is_multiword	has_oewn_noun_synset	oewn_synset_count	selected_oewn_synset	selected_oewn_lexfile	all_oewn_synsets	all_oewn_lexfiles	target_oewn_lexfiles	matched_oewn_lexfiles	synset_lemmas	sense_counts_available	synset_selection_tag	decision_basis
COCO	1	person	person	instances_2017	oewn	2025	person	false	true	3	oewn-00007846-n	noun.Tops	oewn-00007846-n|oewn-05224944-n|oewn-06337790-n	oewn-00007846-n:noun.Tops:person;individual;someone;somebody;mortal;soul|oewn-05224944-n:noun.body:person|oewn-06337790-n:noun.communication:person	noun.Tops|noun.person	oewn-00007846-n:noun.Tops:person;individual;someone;somebody;mortal;soul	person|individual|someone|somebody|mortal|soul	false	selected_by_coco_supercategory_oewn_lexfile	selected_by_coco_supercategory_oewn_lexfile
COCO	2	bicycle	vehicle	instances_2017	oewn	2025	bicycle	false	true	1	oewn-02837983-n	noun.artifact	oewn-02837983-n	oewn-02837983-n:noun.artifact:bicycle;bike;wheel;cycle	noun.artifact	oewn-02837983-n:noun.artifact:bicycle;bike;wheel;cycle	bicycle|bike|wheel|cycle	false	single_oewn_noun_synset	single_oewn_noun_synset
COCO	3	car	vehicle	instances_2017	oewn	2025	car	false	true	5			oewn-02961779-n|oewn-02963378-n|oewn-02963937-n|oewn-02963788-n|oewn-02937835-n	oewn-02961779-n:noun.artifact:car;auto;automobile;machine;motorcar|oewn-02963378-n:noun.artifact:car;railcar;railway car;railroad car|oewn-02963937-n:noun.artifact:car;gondola|oewn-02963788-n:noun.artifact:car;elevator car|oewn-02937835-n:noun.artifact:cable car;car	noun.artifact	oewn-02961779-n:noun.artifact:car;auto;automobile;machine;motorcar|oewn-02963378-n:noun.artifact:car;railcar;railway car;railroad car|oewn-02963937-n:noun.artifact:car;gondola|oewn-02963788-n:noun.artifact:car;elevator car|oewn-02937835-n:noun.artifact:cable car;car		false	ambiguous_after_coco_supercategory_oewn_lexfile	ambiguous_after_coco_supercategory_oewn_lexfile
COCO	4	motorcycle	vehicle	instances_2017	oewn	2025	motorcycle	false	true	1	oewn-03796045-n	noun.artifact	oewn-03796045-n	oewn-03796045-n:noun.artifact:motorcycle;bike	noun.artifact	oewn-03796045-n:noun.artifact:motorcycle;bike	motorcycle|bike	false	single_oewn_noun_synset	single_oewn_noun_synset
COCO	5	airplane	vehicle	instances_2017	oewn	2025	airplane	false	true	1	oewn-02694015-n	noun.artifact	oewn-02694015-n	oewn-02694015-n:noun.artifact:airplane;aeroplane;plane	noun.artifact	oewn-02694015-n:noun.artifact:airplane;aeroplane;plane	airplane|aeroplane|plane	false	single_oewn_noun_synset	single_oewn_noun_synset
COCO	6	bus	vehicle	instances_2017	oewn	2025	bus	false	true	4			oewn-02927500-n|oewn-05738536-n|oewn-02928097-n|oewn-02927938-n	oewn-02927500-n:noun.artifact:bus;autobus;coach;charabanc;double-decker;jitney;motorbus;motorcoach;omnibus;passenger vehicle|oewn-05738536-n:noun.cognition:bus topology;bus|oewn-02928097-n:noun.artifact:busbar;bus|oewn-02927938-n:noun.artifact:bus;jalopy;heap	noun.artifact	oewn-02927500-n:noun.artifact:bus;autobus;coach;charabanc;double-decker;jitney;motorbus;motorcoach;omnibus;passenger vehicle|oewn-02928097-n:noun.artifact:busbar;bus|oewn-02927938-n:noun.artifact:bus;jalopy;heap		false	ambiguous_after_coco_supercategory_oewn_lexfile	ambiguous_after_coco_supercategory_oewn_lexfile
COCO	7	train	vehicle	instances_2017	oewn	2025	train	false	true	6			oewn-04475240-n|oewn-08476659-n|oewn-08444586-n|oewn-07309535-n|oewn-04475711-n|oewn-03436655-n	oewn-04475240-n:noun.artifact:train;railroad train|oewn-08476659-n:noun.group:string;train|oewn-08444586-n:noun.group:caravan;train;wagon train|oewn-07309535-n:noun.event:train|oewn-04475711-n:noun.artifact:train|oewn-03436655-n:noun.artifact:gearing;gear;geartrain;power train;train	noun.artifact	oewn-04475240-n:noun.artifact:train;railroad train|oewn-04475711-n:noun.artifact:train|oewn-03436655-n:noun.artifact:gearing;gear;geartrain;power train;train		false	ambiguous_after_coco_supercategory_oewn_lexfile	ambiguous_after_coco_supercategory_oewn_lexfile
COCO	8	truck	vehicle	instances_2017	oewn	2025	truck	false	true	2			oewn-04497386-n|oewn-03495220-n	oewn-04497386-n:noun.artifact:truck;motortruck|oewn-03495220-n:noun.artifact:hand truck;truck	noun.artifact	oewn-04497386-n:noun.artifact:truck;motortruck|oewn-03495220-n:noun.artifact:hand truck;truck		false	ambiguous_after_coco_supercategory_oewn_lexfile	ambiguous_after_coco_supercategory_oewn_lexfile
COCO	9	boat	vehicle	instances_2017	oewn	2025	boat	false	true	2			oewn-02861626-n|oewn-03460968-n	oewn-02861626-n:noun.artifact:boat|oewn-03460968-n:noun.artifact:gravy boat;gravy holder;sauceboat;boat	noun.artifact	oewn-02861626-n:noun.artifact:boat|oewn-03460968-n:noun.artifact:gravy boat;gravy holder;sauceboat;boat		false	ambiguous_after_coco_supercategory_oewn_lexfile	ambiguous_after_coco_supercategory_oewn_lexfile
COCO	10	traffic light	outdoor	instances_2017	oewn	2025	traffic light	true	true	1	oewn-06887235-n	noun.communication	oewn-06887235-n	oewn-06887235-n:noun.communication:traffic light;traffic signal;stoplight	noun.artifact		traffic light|traffic signal|stoplight	false	single_oewn_noun_synset	single_oewn_noun_synset
COCO	11	fire hydrant	outdoor	instances_2017	oewn	2025	fire hydrant	true	true	1	oewn-03351744-n	noun.artifact	oewn-03351744-n	oewn-03351744-n:noun.artifact:fireplug;fire hydrant;plug	noun.artifact	oewn-03351744-n:noun.artifact:fireplug;fire hydrant;plug	fireplug|fire hydrant|plug	false	single_oewn_noun_synset	single_oewn_noun_synset
COCO	13	stop sign	outdoor	instances_2017	oewn	2025	stop sign	true	true	1	oewn-92470663-n	noun.communication	oewn-92470663-n	oewn-92470663-n:noun.communication:stop sign	noun.artifact		stop sign	false	single_oewn_noun_synset	single_oewn_noun_synset
COCO	14	parking meter	outdoor	instances_2017	oewn	2025	parking meter	true	true	1	oewn-03897029-n	noun.artifact	oewn-03897029-n	oewn-03897029-n:noun.artifact:parking meter	noun.artifact	oewn-03897029-n:noun.artifact:parking meter	parking meter	false	single_oewn_noun_synset	single_oewn_noun_synset
COCO	15	bench	outdoor	instances_2017	oewn	2025	bench	false	true	7			oewn-02832068-n|oewn-09479337-n|oewn-08183086-n|oewn-04607813-n|oewn-08226440-n|oewn-02832300-n|oewn-08345627-n	oewn-02832068-n:noun.artifact:bench|oewn-09479337-n:noun.object:terrace;bench|oewn-08183086-n:noun.group:judiciary;bench|oewn-04607813-n:noun.artifact:workbench;work bench;bench|oewn-08226440-n:noun.group:bench|oewn-02832300-n:noun.artifact:bench|oewn-08345627-n:noun.group:bench	noun.artifact	oewn-02832068-n:noun.artifact:bench|oewn-04607813-n:noun.artifact:workbench;work bench;bench|oewn-02832300-n:noun.artifact:bench		false	ambiguous_after_coco_supercategory_oewn_lexfile	ambiguous_after_coco_supercategory_oewn_lexfile
COCO	16	bird	animal	instances_2017	oewn	2025	bird	false	true	5	oewn-01505702-n	noun.animal	oewn-01505702-n|oewn-07659991-n|oewn-10008583-n|oewn-07138578-n|oewn-04219349-n	oewn-01505702-n:noun.animal:bird|oewn-07659991-n:noun.food:bird;fowl|oewn-10008583-n:noun.person:dame;doll;wench;skirt;chick;bird|oewn-07138578-n:noun.communication:boo;hoot;Bronx cheer;hiss;raspberry;razzing;razz;snort;bird|oewn-04219349-n:noun.artifact:shuttlecock;bird;birdie;shuttle	noun.animal	oewn-01505702-n:noun.animal:bird	bird	false	selected_by_coco_supercategory_oewn_lexfile	selected_by_coco_supercategory_oewn_lexfile
COCO	17	cat	animal	instances_2017	oewn	2025	cat	false	true	9			oewn-00903174-n|oewn-02124272-n|oewn-10172934-n|oewn-09919605-n|oewn-03614083-n|oewn-02989061-n|oewn-02986962-n|oewn-02130460-n|oewn-02123649-n	oewn-00903174-n:noun.act:computerized tomography;computed tomography;CT;computerized axial tomography;computed axial tomography;CAT|oewn-02124272-n:noun.animal:cat;true cat|oewn-10172934-n:noun.person:guy;cat;hombre;bozo;sod|oewn-09919605-n:noun.person:cat|oewn-03614083-n:noun.artifact:kat;khat;qat;quat;cat;Arabian tea;African tea|oewn-02989061-n:noun.artifact:cat-o'-nine-tails;cat|oewn-02986962-n:noun.artifact:Caterpillar;cat|oewn-02130460-n:noun.animal:big cat;cat|oewn-02123649-n:noun.animal:feline;felid;cat	noun.animal	oewn-02124272-n:noun.animal:cat;true cat|oewn-02130460-n:noun.animal:big cat;cat|oewn-02123649-n:noun.animal:feline;felid;cat		false	ambiguous_after_coco_supercategory_oewn_lexfile	ambiguous_after_coco_supercategory_oewn_lexfile
COCO	18	dog	animal	instances_2017	oewn	2025	dog	false	true	7	oewn-02086723-n	noun.animal	oewn-02086723-n|oewn-10133978-n|oewn-10042764-n|oewn-09905672-n|oewn-07692347-n|oewn-03907626-n|oewn-02712903-n	oewn-02086723-n:noun.animal:dog;domestic dog;Canis familiaris|oewn-10133978-n:noun.person:frump;dog|oewn-10042764-n:noun.person:dog|oewn-09905672-n:noun.person:cad;bounder;blackguard;dog;hound;heel|oewn-07692347-n:noun.food:frank;frankfurter;hotdog;hot dog;dog;wiener;wienerwurst;weenie|oewn-03907626-n:noun.artifact:pawl;detent;click;dog|oewn-02712903-n:noun.artifact:andiron;firedog;dog;dog-iron	noun.animal	oewn-02086723-n:noun.animal:dog;domestic dog;Canis familiaris	dog|domestic dog|Canis familiaris	false	selected_by_coco_supercategory_oewn_lexfile	selected_by_coco_supercategory_oewn_lexfile
COCO	19	horse	animal	instances_2017	oewn	2025	horse	false	true	5	oewn-02377103-n	noun.animal	oewn-02377103-n|oewn-03543217-n|oewn-08414813-n|oewn-04147696-n|oewn-03629976-n	oewn-02377103-n:noun.animal:horse;Equus caballus|oewn-03543217-n:noun.artifact:horse;gymnastic horse|oewn-08414813-n:noun.group:cavalry;horse cavalry;horse|oewn-04147696-n:noun.artifact:sawhorse;horse;sawbuck;buck|oewn-03629976-n:noun.artifact:knight;horse	noun.animal	oewn-02377103-n:noun.animal:horse;Equus caballus	horse|Equus caballus	false	selected_by_coco_supercategory_oewn_lexfile	selected_by_coco_supercategory_oewn_lexfile
COCO	20	sheep	animal	instances_2017	oewn	2025	sheep	false	true	3	oewn-02414351-n	noun.animal	oewn-02414351-n|oewn-10607482-n|oewn-10607302-n	oewn-02414351-n:noun.animal:sheep|oewn-10607482-n:noun.person:sheep|oewn-10607302-n:noun.person:sheep	noun.animal	oewn-02414351-n:noun.animal:sheep	sheep	false	selected_by_coco_supercategory_oewn_lexfile	selected_by_coco_supercategory_oewn_lexfile
COCO	21	cow	animal	instances_2017	oewn	2025	cow	false	true	3			oewn-02406106-n|oewn-01890428-n|oewn-09992117-n	oewn-02406106-n:noun.animal:cow;moo-cow|oewn-01890428-n:noun.animal:cow|oewn-09992117-n:noun.person:cow	noun.animal	oewn-02406106-n:noun.animal:cow;moo-cow|oewn-01890428-n:noun.animal:cow		false	ambiguous_after_coco_supercategory_oewn_lexfile	ambiguous_after_coco_supercategory_oewn_lexfile
COCO	22	elephant	animal	instances_2017	oewn	2025	elephant	false	true	2	oewn-02506148-n	noun.animal	oewn-02506148-n|oewn-06894712-n	oewn-02506148-n:noun.animal:elephant|oewn-06894712-n:noun.communication:elephant	noun.animal	oewn-02506148-n:noun.animal:elephant	elephant	false	selected_by_coco_supercategory_oewn_lexfile	selected_by_coco_supercategory_oewn_lexfile
COCO	23	bear	animal	instances_2017	oewn	2025	bear	false	true	2	oewn-02134305-n	noun.animal	oewn-02134305-n|oewn-09864599-n	oewn-02134305-n:noun.animal:bear|oewn-09864599-n:noun.person:bear	noun.animal	oewn-02134305-n:noun.animal:bear	bear	false	selected_by_coco_supercategory_oewn_lexfile	selected_by_coco_supercategory_oewn_lexfile
COCO	24	zebra	animal	instances_2017	oewn	2025	zebra	false	true	1	oewn-02393701-n	noun.animal	oewn-02393701-n	oewn-02393701-n:noun.animal:zebra	noun.animal	oewn-02393701-n:noun.animal:zebra	zebra	false	single_oewn_noun_synset	single_oewn_noun_synset
COCO	25	giraffe	animal	instances_2017	oewn	2025	giraffe	false	true	1	oewn-02441664-n	noun.animal	oewn-02441664-n	oewn-02441664-n:noun.animal:giraffe;camelopard;Giraffa camelopardalis	noun.animal	oewn-02441664-n:noun.animal:giraffe;camelopard;Giraffa camelopardalis	giraffe|camelopard|Giraffa camelopardalis	false	single_oewn_noun_synset	single_oewn_noun_synset
COCO	27	backpack	accessory	instances_2017	oewn	2025	backpack	false	true	1	oewn-02772753-n	noun.artifact	oewn-02772753-n	oewn-02772753-n:noun.artifact:backpack;back pack;knapsack;packsack;rucksack;haversack	noun.artifact	oewn-02772753-n:noun.artifact:backpack;back pack;knapsack;packsack;rucksack;haversack	backpack|back pack|knapsack|packsack|rucksack|haversack	false	single_oewn_noun_synset	single_oewn_noun_synset
COCO	28	umbrella	accessory	instances_2017	oewn	2025	umbrella	false	true	3	oewn-04514450-n	noun.artifact	oewn-04514450-n|oewn-00831579-n|oewn-00383879-n	oewn-04514450-n:noun.artifact:umbrella|oewn-00831579-n:noun.act:umbrella|oewn-00383879-n:noun.act:umbrella	noun.artifact	oewn-04514450-n:noun.artifact:umbrella	umbrella	false	selected_by_coco_supercategory_oewn_lexfile	selected_by_coco_supercategory_oewn_lexfile
COCO	31	handbag	accessory	instances_2017	oewn	2025	handbag	false	true	1	oewn-02777157-n	noun.artifact	oewn-02777157-n	oewn-02777157-n:noun.artifact:bag;handbag;pocketbook;purse	noun.artifact	oewn-02777157-n:noun.artifact:bag;handbag;pocketbook;purse	bag|handbag|pocketbook|purse	false	single_oewn_noun_synset	single_oewn_noun_synset
COCO	32	tie	accessory	instances_2017	oewn	2025	tie	false	true	9			oewn-03821155-n|oewn-13953418-n|oewn-13970354-n|oewn-04440511-n|oewn-03679297-n|oewn-07368316-n|oewn-06879174-n|oewn-04440719-n|oewn-04440319-n	oewn-03821155-n:noun.artifact:necktie;tie|oewn-13953418-n:noun.state:affiliation;association;tie;tie-up|oewn-13970354-n:noun.state:tie|oewn-04440511-n:noun.artifact:tie;tie beam|oewn-03679297-n:noun.artifact:link;linkup;tie;tie-in|oewn-07368316-n:noun.event:draw;standoff;tie|oewn-06879174-n:noun.communication:tie|oewn-04440719-n:noun.artifact:tie;railroad tie;crosstie;sleeper|oewn-04440319-n:noun.artifact:tie	noun.artifact	oewn-03821155-n:noun.artifact:necktie;tie|oewn-04440511-n:noun.artifact:tie;tie beam|oewn-03679297-n:noun.artifact:link;linkup;tie;tie-in|oewn-04440719-n:noun.artifact:tie;railroad tie;crosstie;sleeper|oewn-04440319-n:noun.artifact:tie		false	ambiguous_after_coco_supercategory_oewn_lexfile	ambiguous_after_coco_supercategory_oewn_lexfile
COCO	33	suitcase	accessory	instances_2017	oewn	2025	suitcase	false	true	1	oewn-02776843-n	noun.artifact	oewn-02776843-n	oewn-02776843-n:noun.artifact:bag;traveling bag;travelling bag;grip;suitcase	noun.artifact	oewn-02776843-n:noun.artifact:bag;traveling bag;travelling bag;grip;suitcase	bag|traveling bag|travelling bag|grip|suitcase	false	single_oewn_noun_synset	single_oewn_noun_synset
COCO	34	frisbee	sports	instances_2017	oewn	2025	frisbee	false	true	1	oewn-03402783-n	noun.artifact	oewn-03402783-n	oewn-03402783-n:noun.artifact:Frisbee	noun.artifact	oewn-03402783-n:noun.artifact:Frisbee	Frisbee	false	single_oewn_noun_synset	single_oewn_noun_synset
COCO	35	skis	sports	instances_2017	oewn	2025	skis	false	false	0					noun.artifact			false	no_oewn_noun_synset	no_oewn_noun_synset
COCO	36	snowboard	sports	instances_2017	oewn	2025	snowboard	false	true	1	oewn-04258901-n	noun.artifact	oewn-04258901-n	oewn-04258901-n:noun.artifact:snowboard	noun.artifact	oewn-04258901-n:noun.artifact:snowboard	snowboard	false	single_oewn_noun_synset	single_oewn_noun_synset
COCO	37	sports ball	sports	instances_2017	oewn	2025	sports ball	true	false	0					noun.artifact			false	no_oewn_noun_synset	no_oewn_noun_synset
COCO	38	kite	sports	instances_2017	oewn	2025	kite	false	true	4	oewn-03626682-n	noun.artifact	oewn-13403644-n|oewn-13403479-n|oewn-03626682-n|oewn-01611073-n	oewn-13403644-n:noun.possession:kite|oewn-13403479-n:noun.possession:kite|oewn-03626682-n:noun.artifact:kite|oewn-01611073-n:noun.animal:kite	noun.artifact	oewn-03626682-n:noun.artifact:kite	kite	false	selected_by_coco_supercategory_oewn_lexfile	selected_by_coco_supercategory_oewn_lexfile
COCO	39	baseball bat	sports	instances_2017	oewn	2025	baseball bat	true	true	1	oewn-02802334-n	noun.artifact	oewn-02802334-n	oewn-02802334-n:noun.artifact:baseball bat;lumber	noun.artifact	oewn-02802334-n:noun.artifact:baseball bat;lumber	baseball bat|lumber	false	single_oewn_noun_synset	single_oewn_noun_synset
COCO	40	baseball glove	sports	instances_2017	oewn	2025	baseball glove	true	true	1	oewn-02803372-n	noun.artifact	oewn-02803372-n	oewn-02803372-n:noun.artifact:baseball glove;glove;baseball mitt;mitt	noun.artifact	oewn-02803372-n:noun.artifact:baseball glove;glove;baseball mitt;mitt	baseball glove|glove|baseball mitt|mitt	false	single_oewn_noun_synset	single_oewn_noun_synset
COCO	41	skateboard	sports	instances_2017	oewn	2025	skateboard	false	true	1	oewn-04233049-n	noun.artifact	oewn-04233049-n	oewn-04233049-n:noun.artifact:skateboard	noun.artifact	oewn-04233049-n:noun.artifact:skateboard	skateboard	false	single_oewn_noun_synset	single_oewn_noun_synset
COCO	42	surfboard	sports	instances_2017	oewn	2025	surfboard	false	true	1	oewn-04370646-n	noun.artifact	oewn-04370646-n	oewn-04370646-n:noun.artifact:surfboard	noun.artifact	oewn-04370646-n:noun.artifact:surfboard	surfboard	false	single_oewn_noun_synset	single_oewn_noun_synset
COCO	43	tennis racket	sports	instances_2017	oewn	2025	tennis racket	true	true	1	oewn-04416941-n	noun.artifact	oewn-04416941-n	oewn-04416941-n:noun.artifact:tennis racket;tennis racquet	noun.artifact	oewn-04416941-n:noun.artifact:tennis racket;tennis racquet	tennis racket|tennis racquet	false	single_oewn_noun_synset	single_oewn_noun_synset
COCO	44	bottle	kitchen	instances_2017	oewn	2025	bottle	false	true	3			oewn-02879899-n|oewn-13787536-n|oewn-02880508-n	oewn-02879899-n:noun.artifact:bottle|oewn-13787536-n:noun.quantity:bottle;bottleful|oewn-02880508-n:noun.artifact:bottle;feeding bottle;nursing bottle	noun.artifact	oewn-02879899-n:noun.artifact:bottle|oewn-02880508-n:noun.artifact:bottle;feeding bottle;nursing bottle		false	ambiguous_after_coco_supercategory_oewn_lexfile	ambiguous_after_coco_supercategory_oewn_lexfile
COCO	46	wine glass	kitchen	instances_2017	oewn	2025	wine glass	true	false	0					noun.artifact			false	no_oewn_noun_synset	no_oewn_noun_synset
COCO	47	cup	kitchen	instances_2017	oewn	2025	cup	false	true	8			oewn-03152175-n|oewn-13788873-n|oewn-13927671-n|oewn-13640449-n|oewn-12288358-n|oewn-07947104-n|oewn-03152796-n|oewn-03152567-n	oewn-03152175-n:noun.artifact:cup|oewn-13788873-n:noun.quantity:cup;cupful|oewn-13927671-n:noun.shape:cup|oewn-13640449-n:noun.quantity:cup|oewn-12288358-n:noun.plant:cup|oewn-07947104-n:noun.food:cup|oewn-03152796-n:noun.artifact:cup|oewn-03152567-n:noun.artifact:cup;loving cup	noun.artifact	oewn-03152175-n:noun.artifact:cup|oewn-03152796-n:noun.artifact:cup|oewn-03152567-n:noun.artifact:cup;loving cup		false	ambiguous_after_coco_supercategory_oewn_lexfile	ambiguous_after_coco_supercategory_oewn_lexfile
COCO	48	fork	kitchen	instances_2017	oewn	2025	fork	false	true	5			oewn-03388794-n|oewn-00389200-n|oewn-13937280-n|oewn-03389013-n|oewn-05605191-n	oewn-03388794-n:noun.artifact:fork|oewn-00389200-n:noun.act:branching;ramification;fork;forking|oewn-13937280-n:noun.shape:fork;crotch|oewn-03389013-n:noun.artifact:fork|oewn-05605191-n:noun.body:crotch;fork	noun.artifact	oewn-03388794-n:noun.artifact:fork|oewn-03389013-n:noun.artifact:fork		false	ambiguous_after_coco_supercategory_oewn_lexfile	ambiguous_after_coco_supercategory_oewn_lexfile
COCO	49	knife	kitchen	instances_2017	oewn	2025	knife	false	true	3			oewn-03628765-n|oewn-03629343-n|oewn-13941420-n	oewn-03628765-n:noun.artifact:knife|oewn-03629343-n:noun.artifact:knife|oewn-13941420-n:noun.shape:tongue;knife	noun.artifact	oewn-03628765-n:noun.artifact:knife|oewn-03629343-n:noun.artifact:knife		false	ambiguous_after_coco_supercategory_oewn_lexfile	ambiguous_after_coco_supercategory_oewn_lexfile
COCO	50	spoon	kitchen	instances_2017	oewn	2025	spoon	false	true	3			oewn-04291140-n|oewn-13792309-n|oewn-04291479-n	oewn-04291140-n:noun.artifact:spoon|oewn-13792309-n:noun.quantity:spoon;spoonful|oewn-04291479-n:noun.artifact:spoon	noun.artifact	oewn-04291140-n:noun.artifact:spoon|oewn-04291479-n:noun.artifact:spoon		false	ambiguous_after_coco_supercategory_oewn_lexfile	ambiguous_after_coco_supercategory_oewn_lexfile
COCO	51	bowl	kitchen	instances_2017	oewn	2025	bowl	false	true	9			oewn-02884435-n|oewn-13916387-n|oewn-02884182-n|oewn-13787671-n|oewn-04303019-n|oewn-02885542-n|oewn-02884787-n|oewn-02884638-n|oewn-00105229-n	oewn-02884435-n:noun.artifact:bowl|oewn-13916387-n:noun.shape:bowl;trough|oewn-02884182-n:noun.artifact:bowl|oewn-13787671-n:noun.quantity:bowl;bowlful|oewn-04303019-n:noun.artifact:stadium;bowl;arena;sports stadium|oewn-02885542-n:noun.artifact:bowling ball;bowl|oewn-02884787-n:noun.artifact:bowl|oewn-02884638-n:noun.artifact:bowl;pipe bowl|oewn-00105229-n:noun.act:roll;bowl	noun.artifact	oewn-02884435-n:noun.artifact:bowl|oewn-02884182-n:noun.artifact:bowl|oewn-04303019-n:noun.artifact:stadium;bowl;arena;sports stadium|oewn-02885542-n:noun.artifact:bowling ball;bowl|oewn-02884787-n:noun.artifact:bowl|oewn-02884638-n:noun.artifact:bowl;pipe bowl		false	ambiguous_after_coco_supercategory_oewn_lexfile	ambiguous_after_coco_supercategory_oewn_lexfile
COCO	52	banana	food	instances_2017	oewn	2025	banana	false	true	2	oewn-07769568-n	noun.food	oewn-12372804-n|oewn-07769568-n	oewn-12372804-n:noun.plant:banana;banana tree|oewn-07769568-n:noun.food:banana	noun.food	oewn-07769568-n:noun.food:banana	banana	false	selected_by_coco_supercategory_oewn_lexfile	selected_by_coco_supercategory_oewn_lexfile
COCO	53	apple	food	instances_2017	oewn	2025	apple	false	true	2	oewn-07755101-n	noun.food	oewn-07755101-n|oewn-12654755-n	oewn-07755101-n:noun.food:apple|oewn-12654755-n:noun.plant:apple;orchard apple tree;Malus pumila	noun.food	oewn-07755101-n:noun.food:apple	apple	false	selected_by_coco_supercategory_oewn_lexfile	selected_by_coco_supercategory_oewn_lexfile
COCO	54	sandwich	food	instances_2017	oewn	2025	sandwich	false	true	1	oewn-07711710-n	noun.food	oewn-07711710-n	oewn-07711710-n:noun.food:sandwich	noun.food	oewn-07711710-n:noun.food:sandwich	sandwich	false	single_oewn_noun_synset	single_oewn_noun_synset
COCO	55	orange	food	instances_2017	oewn	2025	orange	false	true	4	oewn-07763583-n	noun.food	oewn-07763583-n|oewn-04972356-n|oewn-12729053-n|oewn-15015777-n	oewn-07763583-n:noun.food:orange|oewn-04972356-n:noun.attribute:orange;orangeness|oewn-12729053-n:noun.plant:orange;orange tree|oewn-15015777-n:noun.substance:orange	noun.food	oewn-07763583-n:noun.food:orange	orange	false	selected_by_coco_supercategory_oewn_lexfile	selected_by_coco_supercategory_oewn_lexfile
COCO	56	broccoli	food	instances_2017	oewn	2025	broccoli	false	true	2	oewn-07730735-n	noun.food	oewn-11897272-n|oewn-07730735-n	oewn-11897272-n:noun.plant:broccoli;Brassica oleracea italica|oewn-07730735-n:noun.food:broccoli	noun.food	oewn-07730735-n:noun.food:broccoli	broccoli	false	selected_by_coco_supercategory_oewn_lexfile	selected_by_coco_supercategory_oewn_lexfile
COCO	57	carrot	food	instances_2017	oewn	2025	carrot	false	true	4	oewn-07746183-n	noun.food	oewn-12958438-n|oewn-12958148-n|oewn-07746183-n|oewn-01222212-n	oewn-12958438-n:noun.plant:carrot|oewn-12958148-n:noun.plant:carrot;cultivated carrot;Daucus carota sativa|oewn-07746183-n:noun.food:carrot|oewn-01222212-n:noun.act:carrot	noun.food	oewn-07746183-n:noun.food:carrot	carrot	false	selected_by_coco_supercategory_oewn_lexfile	selected_by_coco_supercategory_oewn_lexfile
COCO	58	hot dog	food	instances_2017	oewn	2025	hot dog	true	true	3			oewn-10207329-n|oewn-07713282-n|oewn-07692347-n	oewn-10207329-n:noun.person:hotdog;hot dog|oewn-07713282-n:noun.food:hotdog;hot dog;red hot|oewn-07692347-n:noun.food:frank;frankfurter;hotdog;hot dog;dog;wiener;wienerwurst;weenie	noun.food	oewn-07713282-n:noun.food:hotdog;hot dog;red hot|oewn-07692347-n:noun.food:frank;frankfurter;hotdog;hot dog;dog;wiener;wienerwurst;weenie		false	ambiguous_after_coco_supercategory_oewn_lexfile	ambiguous_after_coco_supercategory_oewn_lexfile
COCO	59	pizza	food	instances_2017	oewn	2025	pizza	false	true	1	oewn-07889783-n	noun.food	oewn-07889783-n	oewn-07889783-n:noun.food:pizza;pizza pie	noun.food	oewn-07889783-n:noun.food:pizza;pizza pie	pizza|pizza pie	false	single_oewn_noun_synset	single_oewn_noun_synset
COCO	60	donut	food	instances_2017	oewn	2025	donut	false	true	1	oewn-07654678-n	noun.food	oewn-07654678-n	oewn-07654678-n:noun.food:doughnut;donut;sinker	noun.food	oewn-07654678-n:noun.food:doughnut;donut;sinker	doughnut|donut|sinker	false	single_oewn_noun_synset	single_oewn_noun_synset
COCO	61	cake	food	instances_2017	oewn	2025	cake	false	true	3			oewn-02940853-n|oewn-07679644-n|oewn-07644479-n	oewn-02940853-n:noun.artifact:cake;bar|oewn-07679644-n:noun.food:patty;cake|oewn-07644479-n:noun.food:cake	noun.food	oewn-07679644-n:noun.food:patty;cake|oewn-07644479-n:noun.food:cake		false	ambiguous_after_coco_supercategory_oewn_lexfile	ambiguous_after_coco_supercategory_oewn_lexfile
COCO	62	chair	furniture	instances_2017	oewn	2025	chair	false	true	5			oewn-03005231-n|oewn-00599171-n|oewn-10488547-n|oewn-03275941-n|oewn-03005700-n	oewn-03005231-n:noun.artifact:chair|oewn-00599171-n:noun.act:professorship;chair|oewn-10488547-n:noun.person:president;chair;chairperson|oewn-03275941-n:noun.artifact:electric chair;chair;death chair;hot seat|oewn-03005700-n:noun.artifact:chair	noun.artifact	oewn-03005231-n:noun.artifact:chair|oewn-03275941-n:noun.artifact:electric chair;chair;death chair;hot seat|oewn-03005700-n:noun.artifact:chair		false	ambiguous_after_coco_supercategory_oewn_lexfile	ambiguous_after_coco_supercategory_oewn_lexfile
COCO	63	couch	furniture	instances_2017	oewn	2025	couch	false	true	3			oewn-04263630-n|oewn-03120548-n|oewn-03120413-n	oewn-04263630-n:noun.artifact:sofa;couch;lounge|oewn-03120548-n:noun.artifact:couch|oewn-03120413-n:noun.artifact:couch	noun.artifact	oewn-04263630-n:noun.artifact:sofa;couch;lounge|oewn-03120548-n:noun.artifact:couch|oewn-03120413-n:noun.artifact:couch		false	ambiguous_after_coco_supercategory_oewn_lexfile	ambiguous_after_coco_supercategory_oewn_lexfile
COCO	64	potted plant	furniture	instances_2017	oewn	2025	potted plant	true	false	0					noun.artifact			false	no_oewn_noun_synset	no_oewn_noun_synset
COCO	65	bed	furniture	instances_2017	oewn	2025	bed	false	true	8			oewn-02821967-n|oewn-02822609-n|oewn-09240545-n|oewn-09240774-n|oewn-08676707-n|oewn-03655499-n|oewn-02823016-n|oewn-02822832-n	oewn-02821967-n:noun.artifact:bed|oewn-02822609-n:noun.artifact:bed|oewn-09240545-n:noun.object:bed;bottom|oewn-09240774-n:noun.object:bed|oewn-08676707-n:noun.location:seam;bed|oewn-03655499-n:noun.artifact:layer;bed|oewn-02823016-n:noun.artifact:bed|oewn-02822832-n:noun.artifact:bed	noun.artifact	oewn-02821967-n:noun.artifact:bed|oewn-02822609-n:noun.artifact:bed|oewn-03655499-n:noun.artifact:layer;bed|oewn-02823016-n:noun.artifact:bed|oewn-02822832-n:noun.artifact:bed		false	ambiguous_after_coco_supercategory_oewn_lexfile	ambiguous_after_coco_supercategory_oewn_lexfile
COCO	67	dining table	furniture	instances_2017	oewn	2025	dining table	true	true	1	oewn-03205892-n	noun.artifact	oewn-03205892-n	oewn-03205892-n:noun.artifact:dining table;board	noun.artifact	oewn-03205892-n:noun.artifact:dining table;board	dining table|board	false	single_oewn_noun_synset	single_oewn_noun_synset
COCO	70	toilet	furniture	instances_2017	oewn	2025	toilet	false	true	4			oewn-04453410-n|oewn-04453655-n|oewn-14499576-n|oewn-00830365-n	oewn-04453410-n:noun.artifact:toilet;lavatory;lav;can;john;privy;bathroom|oewn-04453655-n:noun.artifact:toilet;can;commode;crapper;pot;potty;stool;throne|oewn-14499576-n:noun.state:gutter;sewer;toilet|oewn-00830365-n:noun.act:toilet;toilette	noun.artifact	oewn-04453410-n:noun.artifact:toilet;lavatory;lav;can;john;privy;bathroom|oewn-04453655-n:noun.artifact:toilet;can;commode;crapper;pot;potty;stool;throne		false	ambiguous_after_coco_supercategory_oewn_lexfile	ambiguous_after_coco_supercategory_oewn_lexfile
COCO	72	tv	electronic	instances_2017	oewn	2025	tv	false	true	2	oewn-04413042-n	noun.artifact	oewn-06287933-n|oewn-04413042-n	oewn-06287933-n:noun.communication:television;telecasting;TV;video|oewn-04413042-n:noun.artifact:television receiver;television;television set;tv;tv set;idiot box;boob tube;telly;goggle box	noun.artifact	oewn-04413042-n:noun.artifact:television receiver;television;television set;tv;tv set;idiot box;boob tube;telly;goggle box	television receiver|television|television set|tv|tv set|idiot box|boob tube|telly|goggle box	false	selected_by_coco_supercategory_oewn_lexfile	selected_by_coco_supercategory_oewn_lexfile
COCO	73	laptop	electronic	instances_2017	oewn	2025	laptop	false	true	1	oewn-03648120-n	noun.artifact	oewn-03648120-n	oewn-03648120-n:noun.artifact:laptop;laptop computer	noun.artifact	oewn-03648120-n:noun.artifact:laptop;laptop computer	laptop|laptop computer	false	single_oewn_noun_synset	single_oewn_noun_synset
COCO	74	mouse	electronic	instances_2017	oewn	2025	mouse	false	true	4	oewn-03799022-n	noun.artifact	oewn-02332897-n|oewn-14312889-n|oewn-10355276-n|oewn-03799022-n	oewn-02332897-n:noun.animal:mouse|oewn-14312889-n:noun.state:shiner;black eye;mouse|oewn-10355276-n:noun.person:mouse|oewn-03799022-n:noun.artifact:mouse;computer mouse	noun.artifact	oewn-03799022-n:noun.artifact:mouse;computer mouse	mouse|computer mouse	false	selected_by_coco_supercategory_oewn_lexfile	selected_by_coco_supercategory_oewn_lexfile
COCO	75	remote	electronic	instances_2017	oewn	2025	remote	false	true	1	oewn-04082075-n	noun.artifact	oewn-04082075-n	oewn-04082075-n:noun.artifact:remote control;remote	noun.artifact	oewn-04082075-n:noun.artifact:remote control;remote	remote control|remote	false	single_oewn_noun_synset	single_oewn_noun_synset
COCO	76	keyboard	electronic	instances_2017	oewn	2025	keyboard	false	true	2			oewn-03619216-n|oewn-03619082-n	oewn-03619216-n:noun.artifact:keyboard|oewn-03619082-n:noun.artifact:keyboard	noun.artifact	oewn-03619216-n:noun.artifact:keyboard|oewn-03619082-n:noun.artifact:keyboard		false	ambiguous_after_coco_supercategory_oewn_lexfile	ambiguous_after_coco_supercategory_oewn_lexfile
COCO	77	cell phone	electronic	instances_2017	oewn	2025	cell phone	true	false	0					noun.artifact			false	no_oewn_noun_synset	no_oewn_noun_synset
COCO	78	microwave	appliance	instances_2017	oewn	2025	microwave	false	true	2	oewn-03766619-n	noun.artifact	oewn-11502712-n|oewn-03766619-n	oewn-11502712-n:noun.phenomenon:microwave|oewn-03766619-n:noun.artifact:microwave;microwave oven	noun.artifact	oewn-03766619-n:noun.artifact:microwave;microwave oven	microwave|microwave oven	false	selected_by_coco_supercategory_oewn_lexfile	selected_by_coco_supercategory_oewn_lexfile
COCO	79	oven	appliance	instances_2017	oewn	2025	oven	false	true	1	oewn-03868196-n	noun.artifact	oewn-03868196-n	oewn-03868196-n:noun.artifact:oven	noun.artifact	oewn-03868196-n:noun.artifact:oven	oven	false	single_oewn_noun_synset	single_oewn_noun_synset
COCO	80	toaster	appliance	instances_2017	oewn	2025	toaster	false	true	2	oewn-04449446-n	noun.artifact	oewn-10733151-n|oewn-04449446-n	oewn-10733151-n:noun.person:toaster;wassailer|oewn-04449446-n:noun.artifact:toaster	noun.artifact	oewn-04449446-n:noun.artifact:toaster	toaster	false	selected_by_coco_supercategory_oewn_lexfile	selected_by_coco_supercategory_oewn_lexfile
COCO	81	sink	appliance	instances_2017	oewn	2025	sink	false	true	4			oewn-04230655-n|oewn-13577118-n|oewn-09458643-n|oewn-03002170-n	oewn-04230655-n:noun.artifact:sink|oewn-13577118-n:noun.process:sink|oewn-09458643-n:noun.object:sinkhole;sink;swallow hole|oewn-03002170-n:noun.artifact:cesspool;cesspit;sink;sump	noun.artifact	oewn-04230655-n:noun.artifact:sink|oewn-03002170-n:noun.artifact:cesspool;cesspit;sink;sump		false	ambiguous_after_coco_supercategory_oewn_lexfile	ambiguous_after_coco_supercategory_oewn_lexfile
COCO	82	refrigerator	appliance	instances_2017	oewn	2025	refrigerator	false	true	1	oewn-04077839-n	noun.artifact	oewn-04077839-n	oewn-04077839-n:noun.artifact:refrigerator;icebox	noun.artifact	oewn-04077839-n:noun.artifact:refrigerator;icebox	refrigerator|icebox	false	single_oewn_noun_synset	single_oewn_noun_synset
COCO	84	book	indoor	instances_2017	oewn	2025	book	false	true	10			oewn-06443410-n|oewn-06422547-n|oewn-02873453-n|oewn-06649049-n|oewn-07023062-n|oewn-13425421-n|oewn-07971027-n|oewn-07970797-n|oewn-06406508-n|oewn-02873887-n	oewn-06443410-n:noun.communication:Bible;Christian Bible;Book;Good Book;Holy Scripture;Holy Writ;Scripture;Word of God;Word|oewn-06422547-n:noun.communication:book|oewn-02873453-n:noun.artifact:book;volume|oewn-06649049-n:noun.communication:record;record book;book|oewn-07023062-n:noun.communication:script;book;playscript|oewn-13425421-n:noun.possession:ledger;leger;account book;book of account;book|oewn-07971027-n:noun.group:book|oewn-07970797-n:noun.group:book;rule book|oewn-06406508-n:noun.communication:book|oewn-02873887-n:noun.artifact:book	noun.artifact	oewn-02873453-n:noun.artifact:book;volume|oewn-02873887-n:noun.artifact:book		false	ambiguous_after_coco_supercategory_oewn_lexfile	ambiguous_after_coco_supercategory_oewn_lexfile
COCO	85	clock	indoor	instances_2017	oewn	2025	clock	false	true	1	oewn-03050242-n	noun.artifact	oewn-03050242-n	oewn-03050242-n:noun.artifact:clock	noun.artifact	oewn-03050242-n:noun.artifact:clock	clock	false	single_oewn_noun_synset	single_oewn_noun_synset
COCO	86	vase	indoor	instances_2017	oewn	2025	vase	false	true	1	oewn-04529463-n	noun.artifact	oewn-04529463-n	oewn-04529463-n:noun.artifact:vase	noun.artifact	oewn-04529463-n:noun.artifact:vase	vase	false	single_oewn_noun_synset	single_oewn_noun_synset
COCO	87	scissors	indoor	instances_2017	oewn	2025	scissors	false	true	3	oewn-04155119-n	noun.artifact	oewn-04155119-n|oewn-00816326-n|oewn-00439665-n	oewn-04155119-n:noun.artifact:scissors;pair of scissors|oewn-00816326-n:noun.act:scissors;scissors hold;scissor hold;scissor grip;scissors grip|oewn-00439665-n:noun.act:scissors	noun.artifact	oewn-04155119-n:noun.artifact:scissors;pair of scissors	scissors|pair of scissors	false	selected_by_coco_supercategory_oewn_lexfile	selected_by_coco_supercategory_oewn_lexfile
COCO	88	teddy bear	indoor	instances_2017	oewn	2025	teddy bear	true	true	1	oewn-04406517-n	noun.artifact	oewn-04406517-n	oewn-04406517-n:noun.artifact:teddy;teddy bear	noun.artifact	oewn-04406517-n:noun.artifact:teddy;teddy bear	teddy|teddy bear	false	single_oewn_noun_synset	single_oewn_noun_synset
COCO	89	hair drier	indoor	instances_2017	oewn	2025	hair drier	true	true	1	oewn-03488399-n	noun.artifact	oewn-03488399-n	oewn-03488399-n:noun.artifact:hand blower;blow dryer;blow drier;hair dryer;hair drier	noun.artifact	oewn-03488399-n:noun.artifact:hand blower;blow dryer;blow drier;hair dryer;hair drier	hand blower|blow dryer|blow drier|hair dryer|hair drier	false	single_oewn_noun_synset	single_oewn_noun_synset
COCO	90	toothbrush	indoor	instances_2017	oewn	2025	toothbrush	false	true	2	oewn-04460427-n	noun.artifact	oewn-04460427-n|oewn-05269921-n	oewn-04460427-n:noun.artifact:toothbrush|oewn-05269921-n:noun.body:soup-strainer;toothbrush	noun.artifact	oewn-04460427-n:noun.artifact:toothbrush	toothbrush	false	selected_by_coco_supercategory_oewn_lexfile	selected_by_coco_supercategory_oewn_lexfile
