dataset	category_index	label	label_key	source_version	source_url	source_class	is_mwe_candidate	mwe_candidate_status	selection_status	duplicate_existing_label_key	duplicate_existing_datasets	duplicate_existing_labels	duplicate_existing_selected_oewn_synsets	wordnet_source	wordnet_version	wordnet_lexicon_id	selected_lookup_case	selected_query	has_oewn_noun_synset	oewn_synset_count	selected_oewn_synset	selected_oewn_lexfile	all_oewn_synsets	all_oewn_lexfiles	synset_lemmas	canonical_surface	canonical_selection_tag	canonical_candidate_lemmas	canonical_candidate_lemma_counts	parent_oewn_synsets	parent_oewn_lexfiles	parent_lemmas	parent_selection_tag	selected_oewn_objectness_class	objectness_gate	manual_decision	manual_decision_note	sense_counts_available	wn30_available	wn30_selection_tag	wn30_lemma_counts	synset_selection_tag	decision_basis
objects365	3	Other Shoes	other shoes	objects365_v2_mmdetection_cfd5d3a985b0	https://raw.githubusercontent.com/open-mmlab/mmdetection/cfd5d3a985b0249de009b67d04f37263e11cdf3d/mmdet/datasets/objects365.py	Objects365V2Dataset	true	unresolved	unresolved	false				oewn	2025-plus	oewn:2025+	unresolved		false	0							not_applicable_no_selected_synset						not_applicable_no_selected_synset		not_applicable			false	true			unresolved_no_oewn_noun_synset	unresolved_no_oewn_noun_synset
objects365	12	Cabinet/shelf	cabinet/shelf	objects365_v2_mmdetection_cfd5d3a985b0	https://raw.githubusercontent.com/open-mmlab/mmdetection/cfd5d3a985b0249de009b67d04f37263e11cdf3d/mmdet/datasets/objects365.py	Objects365V2Dataset	false	not_mwe	unresolved	false				oewn	2025-plus	oewn:2025+	unresolved		false	0							not_applicable_no_selected_synset						not_applicable_no_selected_synset		not_applicable			false	true			unresolved_no_oewn_noun_synset	unresolved_no_oewn_noun_synset
objects365	13	Handbag/Satchel	handbag/satchel	objects365_v2_mmdetection_cfd5d3a985b0	https://raw.githubusercontent.com/open-mmlab/mmdetection/cfd5d3a985b0249de009b67d04f37263e11cdf3d/mmdet/datasets/objects365.py	Objects365V2Dataset	false	not_mwe	unresolved	false				oewn	2025-plus	oewn:2025+	unresolved		false	0							not_applicable_no_selected_synset						not_applicable_no_selected_synset		not_applicable			false	true			unresolved_no_oewn_noun_synset	unresolved_no_oewn_noun_synset
objects365	16	Picture/Frame	picture/frame	objects365_v2_mmdetection_cfd5d3a985b0	https://raw.githubusercontent.com/open-mmlab/mmdetection/cfd5d3a985b0249de009b67d04f37263e11cdf3d/mmdet/datasets/objects365.py	Objects365V2Dataset	false	not_mwe	unresolved	false				oewn	2025-plus	oewn:2025+	unresolved		false	0							not_applicable_no_selected_synset						not_applicable_no_selected_synset		not_applicable			false	true			unresolved_no_oewn_noun_synset	unresolved_no_oewn_noun_synset
objects365	20	Storage box	storage box	objects365_v2_mmdetection_cfd5d3a985b0	https://raw.githubusercontent.com/open-mmlab/mmdetection/cfd5d3a985b0249de009b67d04f37263e11cdf3d/mmdet/datasets/objects365.py	Objects365V2Dataset	true	unresolved	unresolved	false				oewn	2025-plus	oewn:2025+	unresolved		false	0							not_applicable_no_selected_synset						not_applicable_no_selected_synset		not_applicable			false	true			unresolved_no_oewn_noun_synset	unresolved_no_oewn_noun_synset
objects365	22	Leather Shoes	leather shoes	objects365_v2_mmdetection_cfd5d3a985b0	https://raw.githubusercontent.com/open-mmlab/mmdetection/cfd5d3a985b0249de009b67d04f37263e11cdf3d/mmdet/datasets/objects365.py	Objects365V2Dataset	true	unresolved	unresolved	false				oewn	2025-plus	oewn:2025+	unresolved		false	0							not_applicable_no_selected_synset						not_applicable_no_selected_synset		not_applicable			false	true			unresolved_no_oewn_noun_synset	unresolved_no_oewn_noun_synset
objects365	26	Bowl/Basin	bowl/basin	objects365_v2_mmdetection_cfd5d3a985b0	https://raw.githubusercontent.com/open-mmlab/mmdetection/cfd5d3a985b0249de009b67d04f37263e11cdf3d/mmdet/datasets/objects365.py	Objects365V2Dataset	false	not_mwe	unresolved	false				oewn	2025-plus	oewn:2025+	unresolved		false	0							not_applicable_no_selected_synset						not_applicable_no_selected_synset		not_applicable			false	true			unresolved_no_oewn_noun_synset	unresolved_no_oewn_noun_synset
objects365	37	Moniter/TV	moniter/tv	objects365_v2_mmdetection_cfd5d3a985b0	https://raw.githubusercontent.com/open-mmlab/mmdetection/cfd5d3a985b0249de009b67d04f37263e11cdf3d/mmdet/datasets/objects365.py	Objects365V2Dataset	false	not_mwe	unresolved	false				oewn	2025-plus	oewn:2025+	unresolved		false	0							not_applicable_no_selected_synset						not_applicable_no_selected_synset		not_applicable			false	true			unresolved_no_oewn_noun_synset	unresolved_no_oewn_noun_synset
objects365	44	Trash bin Can	trash bin can	objects365_v2_mmdetection_cfd5d3a985b0	https://raw.githubusercontent.com/open-mmlab/mmdetection/cfd5d3a985b0249de009b67d04f37263e11cdf3d/mmdet/datasets/objects365.py	Objects365V2Dataset	true	unresolved	unresolved	false				oewn	2025-plus	oewn:2025+	unresolved		false	0							not_applicable_no_selected_synset						not_applicable_no_selected_synset		not_applicable			false	true			unresolved_no_oewn_noun_synset	unresolved_no_oewn_noun_synset
objects365	48	Barrel/bucket	barrel/bucket	objects365_v2_mmdetection_cfd5d3a985b0	https://raw.githubusercontent.com/open-mmlab/mmdetection/cfd5d3a985b0249de009b67d04f37263e11cdf3d/mmdet/datasets/objects365.py	Objects365V2Dataset	false	not_mwe	unresolved	false				oewn	2025-plus	oewn:2025+	unresolved		false	0							not_applicable_no_selected_synset						not_applicable_no_selected_synset		not_applicable			false	true			unresolved_no_oewn_noun_synset	unresolved_no_oewn_noun_synset
objects365	52	Bakset	bakset	objects365_v2_mmdetection_cfd5d3a985b0	https://raw.githubusercontent.com/open-mmlab/mmdetection/cfd5d3a985b0249de009b67d04f37263e11cdf3d/mmdet/datasets/objects365.py	Objects365V2Dataset	false	not_mwe	unresolved	false				oewn	2025-plus	oewn:2025+	unresolved		false	0							not_applicable_no_selected_synset						not_applicable_no_selected_synset		not_applicable			false	true			unresolved_no_oewn_noun_synset	unresolved_no_oewn_noun_synset
objects365	54	Pen/Pencil	pen/pencil	objects365_v2_mmdetection_cfd5d3a985b0	https://raw.githubusercontent.com/open-mmlab/mmdetection/cfd5d3a985b0249de009b67d04f37263e11cdf3d/mmdet/datasets/objects365.py	Objects365V2Dataset	false	not_mwe	unresolved	false				oewn	2025-plus	oewn:2025+	unresolved		false	0							not_applicable_no_selected_synset						not_applicable_no_selected_synset		not_applicable			false	true			unresolved_no_oewn_noun_synset	unresolved_no_oewn_noun_synset
objects365	56	Wild Bird	wild bird	objects365_v2_mmdetection_cfd5d3a985b0	https://raw.githubusercontent.com/open-mmlab/mmdetection/cfd5d3a985b0249de009b67d04f37263e11cdf3d/mmdet/datasets/objects365.py	Objects365V2Dataset	true	unresolved	unresolved	false				oewn	2025-plus	oewn:2025+	unresolved		false	0							not_applicable_no_selected_synset						not_applicable_no_selected_synset		not_applicable			false	true			unresolved_no_oewn_noun_synset	unresolved_no_oewn_noun_synset
objects365	64	Canned	canned	objects365_v2_mmdetection_cfd5d3a985b0	https://raw.githubusercontent.com/open-mmlab/mmdetection/cfd5d3a985b0249de009b67d04f37263e11cdf3d/mmdet/datasets/objects365.py	Objects365V2Dataset	false	not_mwe	unresolved	false				oewn	2025-plus	oewn:2025+	unresolved		false	0							not_applicable_no_selected_synset						not_applicable_no_selected_synset		not_applicable			false	true			unresolved_no_oewn_noun_synset	unresolved_no_oewn_noun_synset
objects365	66	Traffic cone	traffic cone	objects365_v2_mmdetection_cfd5d3a985b0	https://raw.githubusercontent.com/open-mmlab/mmdetection/cfd5d3a985b0249de009b67d04f37263e11cdf3d/mmdet/datasets/objects365.py	Objects365V2Dataset	true	unresolved	unresolved	false				oewn	2025-plus	oewn:2025+	unresolved		false	0							not_applicable_no_selected_synset						not_applicable_no_selected_synset		not_applicable			false	true			unresolved_no_oewn_noun_synset	unresolved_no_oewn_noun_synset
objects365	70	Stuffed Toy	stuffed toy	objects365_v2_mmdetection_cfd5d3a985b0	https://raw.githubusercontent.com/open-mmlab/mmdetection/cfd5d3a985b0249de009b67d04f37263e11cdf3d/mmdet/datasets/objects365.py	Objects365V2Dataset	true	unresolved	unresolved	false				oewn	2025-plus	oewn:2025+	unresolved		false	0							not_applicable_no_selected_synset						not_applicable_no_selected_synset		not_applicable			false	true			unresolved_no_oewn_noun_synset	unresolved_no_oewn_noun_synset
objects365	80	Power outlet	power outlet	objects365_v2_mmdetection_cfd5d3a985b0	https://raw.githubusercontent.com/open-mmlab/mmdetection/cfd5d3a985b0249de009b67d04f37263e11cdf3d/mmdet/datasets/objects365.py	Objects365V2Dataset	true	unresolved	unresolved	false				oewn	2025-plus	oewn:2025+	unresolved		false	0							not_applicable_no_selected_synset						not_applicable_no_selected_synset		not_applicable			false	true			unresolved_no_oewn_noun_synset	unresolved_no_oewn_noun_synset
objects365	89	Traffic Sign	traffic sign	objects365_v2_mmdetection_cfd5d3a985b0	https://raw.githubusercontent.com/open-mmlab/mmdetection/cfd5d3a985b0249de009b67d04f37263e11cdf3d/mmdet/datasets/objects365.py	Objects365V2Dataset	true	unresolved	unresolved	false				oewn	2025-plus	oewn:2025+	unresolved		false	0							not_applicable_no_selected_synset						not_applicable_no_selected_synset		not_applicable			false	true			unresolved_no_oewn_noun_synset	unresolved_no_oewn_noun_synset
objects365	90	Ballon	ballon	objects365_v2_mmdetection_cfd5d3a985b0	https://raw.githubusercontent.com/open-mmlab/mmdetection/cfd5d3a985b0249de009b67d04f37263e11cdf3d/mmdet/datasets/objects365.py	Objects365V2Dataset	false	not_mwe	unresolved	false				oewn	2025-plus	oewn:2025+	unresolved		false	0							not_applicable_no_selected_synset						not_applicable_no_selected_synset		not_applicable			false	true			unresolved_no_oewn_noun_synset	unresolved_no_oewn_noun_synset
objects365	98	Dinning Table	dinning table	objects365_v2_mmdetection_cfd5d3a985b0	https://raw.githubusercontent.com/open-mmlab/mmdetection/cfd5d3a985b0249de009b67d04f37263e11cdf3d/mmdet/datasets/objects365.py	Objects365V2Dataset	true	unresolved	unresolved	false				oewn	2025-plus	oewn:2025+	unresolved		false	0							not_applicable_no_selected_synset						not_applicable_no_selected_synset		not_applicable			false	true			unresolved_no_oewn_noun_synset	unresolved_no_oewn_noun_synset
objects365	101	Blackboard/Whiteboard	blackboard/whiteboard	objects365_v2_mmdetection_cfd5d3a985b0	https://raw.githubusercontent.com/open-mmlab/mmdetection/cfd5d3a985b0249de009b67d04f37263e11cdf3d/mmdet/datasets/objects365.py	Objects365V2Dataset	false	not_mwe	unresolved	false				oewn	2025-plus	oewn:2025+	unresolved		false	0							not_applicable_no_selected_synset						not_applicable_no_selected_synset		not_applicable			false	true			unresolved_no_oewn_noun_synset	unresolved_no_oewn_noun_synset
objects365	103	Other Fish	other fish	objects365_v2_mmdetection_cfd5d3a985b0	https://raw.githubusercontent.com/open-mmlab/mmdetection/cfd5d3a985b0249de009b67d04f37263e11cdf3d/mmdet/datasets/objects365.py	Objects365V2Dataset	true	unresolved	unresolved	false				oewn	2025-plus	oewn:2025+	unresolved		false	0							not_applicable_no_selected_synset						not_applicable_no_selected_synset		not_applicable			false	true			unresolved_no_oewn_noun_synset	unresolved_no_oewn_noun_synset
objects365	104	Orange/Tangerine	orange/tangerine	objects365_v2_mmdetection_cfd5d3a985b0	https://raw.githubusercontent.com/open-mmlab/mmdetection/cfd5d3a985b0249de009b67d04f37263e11cdf3d/mmdet/datasets/objects365.py	Objects365V2Dataset	false	not_mwe	unresolved	false				oewn	2025-plus	oewn:2025+	unresolved		false	0							not_applicable_no_selected_synset						not_applicable_no_selected_synset		not_applicable			false	true			unresolved_no_oewn_noun_synset	unresolved_no_oewn_noun_synset
objects365	109	Machinery Vehicle	machinery vehicle	objects365_v2_mmdetection_cfd5d3a985b0	https://raw.githubusercontent.com/open-mmlab/mmdetection/cfd5d3a985b0249de009b67d04f37263e11cdf3d/mmdet/datasets/objects365.py	Objects365V2Dataset	true	unresolved	unresolved	false				oewn	2025-plus	oewn:2025+	unresolved		false	0							not_applicable_no_selected_synset						not_applicable_no_selected_synset		not_applicable			false	true			unresolved_no_oewn_noun_synset	unresolved_no_oewn_noun_synset
objects365	111	Green Vegetables	green vegetables	objects365_v2_mmdetection_cfd5d3a985b0	https://raw.githubusercontent.com/open-mmlab/mmdetection/cfd5d3a985b0249de009b67d04f37263e11cdf3d/mmdet/datasets/objects365.py	Objects365V2Dataset	true	unresolved	unresolved	false				oewn	2025-plus	oewn:2025+	unresolved		false	0							not_applicable_no_selected_synset						not_applicable_no_selected_synset		not_applicable			false	true			unresolved_no_oewn_noun_synset	unresolved_no_oewn_noun_synset
objects365	119	Skiboard	skiboard	objects365_v2_mmdetection_cfd5d3a985b0	https://raw.githubusercontent.com/open-mmlab/mmdetection/cfd5d3a985b0249de009b67d04f37263e11cdf3d/mmdet/datasets/objects365.py	Objects365V2Dataset	false	not_mwe	unresolved	false				oewn	2025-plus	oewn:2025+	unresolved		false	0							not_applicable_no_selected_synset						not_applicable_no_selected_synset		not_applicable			false	true			unresolved_no_oewn_noun_synset	unresolved_no_oewn_noun_synset
objects365	121	Nightstand	nightstand	objects365_v2_mmdetection_cfd5d3a985b0	https://raw.githubusercontent.com/open-mmlab/mmdetection/cfd5d3a985b0249de009b67d04f37263e11cdf3d/mmdet/datasets/objects365.py	Objects365V2Dataset	false	not_mwe	unresolved	false				oewn	2025-plus	oewn:2025+	unresolved		false	0							not_applicable_no_selected_synset						not_applicable_no_selected_synset		not_applicable			false	true			unresolved_no_oewn_noun_synset	unresolved_no_oewn_noun_synset
objects365	138	Surveillance Camera	surveillance camera	objects365_v2_mmdetection_cfd5d3a985b0	https://raw.githubusercontent.com/open-mmlab/mmdetection/cfd5d3a985b0249de009b67d04f37263e11cdf3d/mmdet/datasets/objects365.py	Objects365V2Dataset	true	unresolved	unresolved	false				oewn	2025-plus	oewn:2025+	unresolved		false	0							not_applicable_no_selected_synset						not_applicable_no_selected_synset		not_applicable			false	true			unresolved_no_oewn_noun_synset	unresolved_no_oewn_noun_synset
objects365	148	Skating and Skiing shoes	skating and skiing shoes	objects365_v2_mmdetection_cfd5d3a985b0	https://raw.githubusercontent.com/open-mmlab/mmdetection/cfd5d3a985b0249de009b67d04f37263e11cdf3d/mmdet/datasets/objects365.py	Objects365V2Dataset	true	unresolved	unresolved	false				oewn	2025-plus	oewn:2025+	unresolved		false	0							not_applicable_no_selected_synset						not_applicable_no_selected_synset		not_applicable			false	true			unresolved_no_oewn_noun_synset	unresolved_no_oewn_noun_synset
objects365	156	Other Balls	other balls	objects365_v2_mmdetection_cfd5d3a985b0	https://raw.githubusercontent.com/open-mmlab/mmdetection/cfd5d3a985b0249de009b67d04f37263e11cdf3d/mmdet/datasets/objects365.py	Objects365V2Dataset	true	unresolved	unresolved	false				oewn	2025-plus	oewn:2025+	unresolved		false	0							not_applicable_no_selected_synset						not_applicable_no_selected_synset		not_applicable			false	true			unresolved_no_oewn_noun_synset	unresolved_no_oewn_noun_synset
objects365	159	Computer Box	computer box	objects365_v2_mmdetection_cfd5d3a985b0	https://raw.githubusercontent.com/open-mmlab/mmdetection/cfd5d3a985b0249de009b67d04f37263e11cdf3d/mmdet/datasets/objects365.py	Objects365V2Dataset	true	unresolved	unresolved	false				oewn	2025-plus	oewn:2025+	unresolved		false	0							not_applicable_no_selected_synset						not_applicable_no_selected_synset		not_applicable			false	true			unresolved_no_oewn_noun_synset	unresolved_no_oewn_noun_synset
objects365	161	Cleaning Products	cleaning products	objects365_v2_mmdetection_cfd5d3a985b0	https://raw.githubusercontent.com/open-mmlab/mmdetection/cfd5d3a985b0249de009b67d04f37263e11cdf3d/mmdet/datasets/objects365.py	Objects365V2Dataset	true	unresolved	unresolved	false				oewn	2025-plus	oewn:2025+	unresolved		false	0							not_applicable_no_selected_synset						not_applicable_no_selected_synset		not_applicable			false	true			unresolved_no_oewn_noun_synset	unresolved_no_oewn_noun_synset
objects365	166	Cutting/chopping Board	cutting/chopping board	objects365_v2_mmdetection_cfd5d3a985b0	https://raw.githubusercontent.com/open-mmlab/mmdetection/cfd5d3a985b0249de009b67d04f37263e11cdf3d/mmdet/datasets/objects365.py	Objects365V2Dataset	true	unresolved	unresolved	false				oewn	2025-plus	oewn:2025+	unresolved		false	0							not_applicable_no_selected_synset						not_applicable_no_selected_synset		not_applicable			false	true			unresolved_no_oewn_noun_synset	unresolved_no_oewn_noun_synset
objects365	168	Side Table	side table	objects365_v2_mmdetection_cfd5d3a985b0	https://raw.githubusercontent.com/open-mmlab/mmdetection/cfd5d3a985b0249de009b67d04f37263e11cdf3d/mmdet/datasets/objects365.py	Objects365V2Dataset	true	unresolved	unresolved	false				oewn	2025-plus	oewn:2025+	unresolved		false	0							not_applicable_no_selected_synset						not_applicable_no_selected_synset		not_applicable			false	true			unresolved_no_oewn_noun_synset	unresolved_no_oewn_noun_synset
objects365	189	Billards	billards	objects365_v2_mmdetection_cfd5d3a985b0	https://raw.githubusercontent.com/open-mmlab/mmdetection/cfd5d3a985b0249de009b67d04f37263e11cdf3d/mmdet/datasets/objects365.py	Objects365V2Dataset	false	not_mwe	unresolved	false				oewn	2025-plus	oewn:2025+	unresolved		false	0							not_applicable_no_selected_synset						not_applicable_no_selected_synset		not_applicable			false	true			unresolved_no_oewn_noun_synset	unresolved_no_oewn_noun_synset
objects365	196	Cigar/Cigarette	cigar/cigarette	objects365_v2_mmdetection_cfd5d3a985b0	https://raw.githubusercontent.com/open-mmlab/mmdetection/cfd5d3a985b0249de009b67d04f37263e11cdf3d/mmdet/datasets/objects365.py	Objects365V2Dataset	false	not_mwe	unresolved	false				oewn	2025-plus	oewn:2025+	unresolved		false	0							not_applicable_no_selected_synset						not_applicable_no_selected_synset		not_applicable			false	true			unresolved_no_oewn_noun_synset	unresolved_no_oewn_noun_synset
objects365	199	Heavy Truck	heavy truck	objects365_v2_mmdetection_cfd5d3a985b0	https://raw.githubusercontent.com/open-mmlab/mmdetection/cfd5d3a985b0249de009b67d04f37263e11cdf3d/mmdet/datasets/objects365.py	Objects365V2Dataset	true	unresolved	unresolved	false				oewn	2025-plus	oewn:2025+	unresolved		false	0							not_applicable_no_selected_synset						not_applicable_no_selected_synset		not_applicable			false	true			unresolved_no_oewn_noun_synset	unresolved_no_oewn_noun_synset
objects365	202	Extention Cord	extention cord	objects365_v2_mmdetection_cfd5d3a985b0	https://raw.githubusercontent.com/open-mmlab/mmdetection/cfd5d3a985b0249de009b67d04f37263e11cdf3d/mmdet/datasets/objects365.py	Objects365V2Dataset	true	unresolved	unresolved	false				oewn	2025-plus	oewn:2025+	unresolved		false	0							not_applicable_no_selected_synset						not_applicable_no_selected_synset		not_applicable			false	true			unresolved_no_oewn_noun_synset	unresolved_no_oewn_noun_synset
objects365	203	Tong	tong	objects365_v2_mmdetection_cfd5d3a985b0	https://raw.githubusercontent.com/open-mmlab/mmdetection/cfd5d3a985b0249de009b67d04f37263e11cdf3d/mmdet/datasets/objects365.py	Objects365V2Dataset	false	not_mwe	unresolved	false				oewn	2025-plus	oewn:2025+	unresolved		false	0							not_applicable_no_selected_synset						not_applicable_no_selected_synset		not_applicable			false	true			unresolved_no_oewn_noun_synset	unresolved_no_oewn_noun_synset
objects365	213	Coffee Machine	coffee machine	objects365_v2_mmdetection_cfd5d3a985b0	https://raw.githubusercontent.com/open-mmlab/mmdetection/cfd5d3a985b0249de009b67d04f37263e11cdf3d/mmdet/datasets/objects365.py	Objects365V2Dataset	true	unresolved	unresolved	false				oewn	2025-plus	oewn:2025+	unresolved		false	0							not_applicable_no_selected_synset						not_applicable_no_selected_synset		not_applicable			false	true			unresolved_no_oewn_noun_synset	unresolved_no_oewn_noun_synset
objects365	220	Washing Machine/Drying Machine	washing machine/drying machine	objects365_v2_mmdetection_cfd5d3a985b0	https://raw.githubusercontent.com/open-mmlab/mmdetection/cfd5d3a985b0249de009b67d04f37263e11cdf3d/mmdet/datasets/objects365.py	Objects365V2Dataset	true	unresolved	unresolved	false				oewn	2025-plus	oewn:2025+	unresolved		false	0							not_applicable_no_selected_synset						not_applicable_no_selected_synset		not_applicable			false	true			unresolved_no_oewn_noun_synset	unresolved_no_oewn_noun_synset
objects365	228	Hotair ballon	hotair ballon	objects365_v2_mmdetection_cfd5d3a985b0	https://raw.githubusercontent.com/open-mmlab/mmdetection/cfd5d3a985b0249de009b67d04f37263e11cdf3d/mmdet/datasets/objects365.py	Objects365V2Dataset	true	unresolved	unresolved	false				oewn	2025-plus	oewn:2025+	unresolved		false	0							not_applicable_no_selected_synset						not_applicable_no_selected_synset		not_applicable			false	true			unresolved_no_oewn_noun_synset	unresolved_no_oewn_noun_synset
objects365	238	Wallet/Purse	wallet/purse	objects365_v2_mmdetection_cfd5d3a985b0	https://raw.githubusercontent.com/open-mmlab/mmdetection/cfd5d3a985b0249de009b67d04f37263e11cdf3d/mmdet/datasets/objects365.py	Objects365V2Dataset	false	not_mwe	unresolved	false				oewn	2025-plus	oewn:2025+	unresolved		false	0							not_applicable_no_selected_synset						not_applicable_no_selected_synset		not_applicable			false	true			unresolved_no_oewn_noun_synset	unresolved_no_oewn_noun_synset
objects365	267	Speed Limit Sign	speed limit sign	objects365_v2_mmdetection_cfd5d3a985b0	https://raw.githubusercontent.com/open-mmlab/mmdetection/cfd5d3a985b0249de009b67d04f37263e11cdf3d/mmdet/datasets/objects365.py	Objects365V2Dataset	true	unresolved	unresolved	false				oewn	2025-plus	oewn:2025+	unresolved		false	0							not_applicable_no_selected_synset						not_applicable_no_selected_synset		not_applicable			false	true			unresolved_no_oewn_noun_synset	unresolved_no_oewn_noun_synset
objects365	268	Induction Cooker	induction cooker	objects365_v2_mmdetection_cfd5d3a985b0	https://raw.githubusercontent.com/open-mmlab/mmdetection/cfd5d3a985b0249de009b67d04f37263e11cdf3d/mmdet/datasets/objects365.py	Objects365V2Dataset	true	unresolved	unresolved	false				oewn	2025-plus	oewn:2025+	unresolved		false	0							not_applicable_no_selected_synset						not_applicable_no_selected_synset		not_applicable			false	true			unresolved_no_oewn_noun_synset	unresolved_no_oewn_noun_synset
objects365	275	Router/modem	router/modem	objects365_v2_mmdetection_cfd5d3a985b0	https://raw.githubusercontent.com/open-mmlab/mmdetection/cfd5d3a985b0249de009b67d04f37263e11cdf3d/mmdet/datasets/objects365.py	Objects365V2Dataset	false	not_mwe	unresolved	false				oewn	2025-plus	oewn:2025+	unresolved		false	0							not_applicable_no_selected_synset						not_applicable_no_selected_synset		not_applicable			false	true			unresolved_no_oewn_noun_synset	unresolved_no_oewn_noun_synset
objects365	276	Poker Card	poker card	objects365_v2_mmdetection_cfd5d3a985b0	https://raw.githubusercontent.com/open-mmlab/mmdetection/cfd5d3a985b0249de009b67d04f37263e11cdf3d/mmdet/datasets/objects365.py	Objects365V2Dataset	true	unresolved	unresolved	false				oewn	2025-plus	oewn:2025+	unresolved		false	0							not_applicable_no_selected_synset						not_applicable_no_selected_synset		not_applicable			false	true			unresolved_no_oewn_noun_synset	unresolved_no_oewn_noun_synset
objects365	289	Hamimelon	hamimelon	objects365_v2_mmdetection_cfd5d3a985b0	https://raw.githubusercontent.com/open-mmlab/mmdetection/cfd5d3a985b0249de009b67d04f37263e11cdf3d/mmdet/datasets/objects365.py	Objects365V2Dataset	false	not_mwe	unresolved	false				oewn	2025-plus	oewn:2025+	unresolved		false	0							not_applicable_no_selected_synset						not_applicable_no_selected_synset		not_applicable			false	true			unresolved_no_oewn_noun_synset	unresolved_no_oewn_noun_synset
objects365	291	Mushroon	mushroon	objects365_v2_mmdetection_cfd5d3a985b0	https://raw.githubusercontent.com/open-mmlab/mmdetection/cfd5d3a985b0249de009b67d04f37263e11cdf3d/mmdet/datasets/objects365.py	Objects365V2Dataset	false	not_mwe	unresolved	false				oewn	2025-plus	oewn:2025+	unresolved		false	0							not_applicable_no_selected_synset						not_applicable_no_selected_synset		not_applicable			false	true			unresolved_no_oewn_noun_synset	unresolved_no_oewn_noun_synset
objects365	297	Board Eraser	board eraser	objects365_v2_mmdetection_cfd5d3a985b0	https://raw.githubusercontent.com/open-mmlab/mmdetection/cfd5d3a985b0249de009b67d04f37263e11cdf3d/mmdet/datasets/objects365.py	Objects365V2Dataset	true	unresolved	unresolved	false				oewn	2025-plus	oewn:2025+	unresolved		false	0							not_applicable_no_selected_synset						not_applicable_no_selected_synset		not_applicable			false	true			unresolved_no_oewn_noun_synset	unresolved_no_oewn_noun_synset
objects365	299	Tape Measur/ Ruler	tape measur/ ruler	objects365_v2_mmdetection_cfd5d3a985b0	https://raw.githubusercontent.com/open-mmlab/mmdetection/cfd5d3a985b0249de009b67d04f37263e11cdf3d/mmdet/datasets/objects365.py	Objects365V2Dataset	true	unresolved	unresolved	false				oewn	2025-plus	oewn:2025+	unresolved		false	0							not_applicable_no_selected_synset						not_applicable_no_selected_synset		not_applicable			false	true			unresolved_no_oewn_noun_synset	unresolved_no_oewn_noun_synset
objects365	305	Crosswalk Sign	crosswalk sign	objects365_v2_mmdetection_cfd5d3a985b0	https://raw.githubusercontent.com/open-mmlab/mmdetection/cfd5d3a985b0249de009b67d04f37263e11cdf3d/mmdet/datasets/objects365.py	Objects365V2Dataset	true	unresolved	unresolved	false				oewn	2025-plus	oewn:2025+	unresolved		false	0							not_applicable_no_selected_synset						not_applicable_no_selected_synset		not_applicable			false	true			unresolved_no_oewn_noun_synset	unresolved_no_oewn_noun_synset
objects365	307	Campel	campel	objects365_v2_mmdetection_cfd5d3a985b0	https://raw.githubusercontent.com/open-mmlab/mmdetection/cfd5d3a985b0249de009b67d04f37263e11cdf3d/mmdet/datasets/objects365.py	Objects365V2Dataset	false	not_mwe	unresolved	false				oewn	2025-plus	oewn:2025+	unresolved		false	0							not_applicable_no_selected_synset						not_applicable_no_selected_synset		not_applicable			false	true			unresolved_no_oewn_noun_synset	unresolved_no_oewn_noun_synset
objects365	308	Formula 1	formula 1	objects365_v2_mmdetection_cfd5d3a985b0	https://raw.githubusercontent.com/open-mmlab/mmdetection/cfd5d3a985b0249de009b67d04f37263e11cdf3d/mmdet/datasets/objects365.py	Objects365V2Dataset	true	unresolved	unresolved	false				oewn	2025-plus	oewn:2025+	unresolved		false	0							not_applicable_no_selected_synset						not_applicable_no_selected_synset		not_applicable			false	true			unresolved_no_oewn_noun_synset	unresolved_no_oewn_noun_synset
objects365	321	Buttefly	buttefly	objects365_v2_mmdetection_cfd5d3a985b0	https://raw.githubusercontent.com/open-mmlab/mmdetection/cfd5d3a985b0249de009b67d04f37263e11cdf3d/mmdet/datasets/objects365.py	Objects365V2Dataset	false	not_mwe	unresolved	false				oewn	2025-plus	oewn:2025+	unresolved		false	0							not_applicable_no_selected_synset						not_applicable_no_selected_synset		not_applicable			false	true			unresolved_no_oewn_noun_synset	unresolved_no_oewn_noun_synset
objects365	329	Egg tart	egg tart	objects365_v2_mmdetection_cfd5d3a985b0	https://raw.githubusercontent.com/open-mmlab/mmdetection/cfd5d3a985b0249de009b67d04f37263e11cdf3d/mmdet/datasets/objects365.py	Objects365V2Dataset	true	unresolved	unresolved	false				oewn	2025-plus	oewn:2025+	unresolved		false	0							not_applicable_no_selected_synset						not_applicable_no_selected_synset		not_applicable			false	true			unresolved_no_oewn_noun_synset	unresolved_no_oewn_noun_synset
objects365	337	Baozi	baozi	objects365_v2_mmdetection_cfd5d3a985b0	https://raw.githubusercontent.com/open-mmlab/mmdetection/cfd5d3a985b0249de009b67d04f37263e11cdf3d/mmdet/datasets/objects365.py	Objects365V2Dataset	false	not_mwe	unresolved	false				oewn	2025-plus	oewn:2025+	unresolved		false	0							not_applicable_no_selected_synset						not_applicable_no_selected_synset		not_applicable			false	true			unresolved_no_oewn_noun_synset	unresolved_no_oewn_noun_synset
objects365	354	Table Teniis paddle	table teniis paddle	objects365_v2_mmdetection_cfd5d3a985b0	https://raw.githubusercontent.com/open-mmlab/mmdetection/cfd5d3a985b0249de009b67d04f37263e11cdf3d/mmdet/datasets/objects365.py	Objects365V2Dataset	true	unresolved	unresolved	false				oewn	2025-plus	oewn:2025+	unresolved		false	0							not_applicable_no_selected_synset						not_applicable_no_selected_synset		not_applicable			false	true			unresolved_no_oewn_noun_synset	unresolved_no_oewn_noun_synset
objects365	355	Cosmetics Brush/Eyeliner Pencil	cosmetics brush/eyeliner pencil	objects365_v2_mmdetection_cfd5d3a985b0	https://raw.githubusercontent.com/open-mmlab/mmdetection/cfd5d3a985b0249de009b67d04f37263e11cdf3d/mmdet/datasets/objects365.py	Objects365V2Dataset	true	unresolved	unresolved	false				oewn	2025-plus	oewn:2025+	unresolved		false	0							not_applicable_no_selected_synset						not_applicable_no_selected_synset		not_applicable			false	true			unresolved_no_oewn_noun_synset	unresolved_no_oewn_noun_synset
objects365	362	Cosmetics Mirror	cosmetics mirror	objects365_v2_mmdetection_cfd5d3a985b0	https://raw.githubusercontent.com/open-mmlab/mmdetection/cfd5d3a985b0249de009b67d04f37263e11cdf3d/mmdet/datasets/objects365.py	Objects365V2Dataset	true	unresolved	unresolved	false				oewn	2025-plus	oewn:2025+	unresolved		false	0							not_applicable_no_selected_synset						not_applicable_no_selected_synset		not_applicable			false	true			unresolved_no_oewn_noun_synset	unresolved_no_oewn_noun_synset
