dataset	category_id	mid	label	label_key	source_version	source_url	hierarchy_url	source_class	openimages_parent_mids	openimages_parent_labels	openimages_child_mids	openimages_child_labels	is_mwe_candidate	mwe_candidate_status	selection_status	duplicate_existing_label_key	duplicate_existing_datasets	duplicate_existing_labels	duplicate_existing_selected_oewn_synsets	wordnet_source	wordnet_version	wordnet_lexicon_id	selected_lookup_case	selected_query	has_oewn_noun_synset	oewn_synset_count	selected_oewn_synset	selected_oewn_lexfile	all_oewn_synsets	all_oewn_lexfiles	synset_lemmas	canonical_surface	canonical_selection_tag	canonical_candidate_lemmas	canonical_candidate_lemma_counts	parent_oewn_synsets	parent_oewn_lexfiles	parent_lemmas	parent_selection_tag	selected_oewn_objectness_class	objectness_gate	manual_decision	manual_decision_note	sense_counts_available	wn30_available	wn30_selection_tag	wn30_lemma_counts	synset_selection_tag	decision_basis
openimages	/m/014sv8	/m/014sv8	Human eye	human eye	openimages_2018_04_boxable	https://storage.googleapis.com/openimages/2018_04/class-descriptions-boxable.csv	https://storage.googleapis.com/openimages/2018_04/bbox_labels_600_hierarchy.json	OpenImagesBoxable	/m/0bl9f				true	unresolved	unresolved	false				oewn	2025-plus	oewn:2025+	unresolved		false	0							not_applicable_no_selected_synset						not_applicable_no_selected_synset		not_applicable			false	true			unresolved_no_oewn_noun_synset	unresolved_no_oewn_noun_synset
openimages	/m/015h_t	/m/015h_t	Human beard	human beard	openimages_2018_04_boxable	https://storage.googleapis.com/openimages/2018_04/class-descriptions-boxable.csv	https://storage.googleapis.com/openimages/2018_04/bbox_labels_600_hierarchy.json	OpenImagesBoxable	/m/0bl9f				true	unresolved	unresolved	false				oewn	2025-plus	oewn:2025+	unresolved		false	0							not_applicable_no_selected_synset						not_applicable_no_selected_synset		not_applicable			false	true			unresolved_no_oewn_noun_synset	unresolved_no_oewn_noun_synset
openimages	/m/01jfm_	/m/01jfm_	Vehicle registration plate	vehicle registration plate	openimages_2018_04_boxable	https://storage.googleapis.com/openimages/2018_04/class-descriptions-boxable.csv	https://storage.googleapis.com/openimages/2018_04/bbox_labels_600_hierarchy.json	OpenImagesBoxable	/m/08dz3q	Auto part			true	unresolved	unresolved	false				oewn	2025-plus	oewn:2025+	unresolved		false	0							not_applicable_no_selected_synset						not_applicable_no_selected_synset		not_applicable			false	true			unresolved_no_oewn_noun_synset	unresolved_no_oewn_noun_synset
openimages	/m/01prls	/m/01prls	Land vehicle	land vehicle	openimages_2018_04_boxable	https://storage.googleapis.com/openimages/2018_04/class-descriptions-boxable.csv	https://storage.googleapis.com/openimages/2018_04/bbox_labels_600_hierarchy.json	OpenImagesBoxable	/m/07yv9	Vehicle	/m/012n7d|/m/018p4k|/m/0199g|/m/01bjv|/m/01x3jk|/m/0323sq|/m/04_sv|/m/076bq|/m/07cmd|/m/07jdr|/m/07r04|/m/0f6nr|/m/0k4j|/m/0pg52|/m/0qmmr	Ambulance|Cart|Bicycle|Bus|Snowmobile|Golf cart|Motorcycle|Segway|Tank|Train|Truck|Unicycle|Car|Taxi|Wheelchair	true	unresolved	unresolved	false				oewn	2025-plus	oewn:2025+	unresolved		false	0							not_applicable_no_selected_synset						not_applicable_no_selected_synset		not_applicable			false	true			unresolved_no_oewn_noun_synset	unresolved_no_oewn_noun_synset
openimages	/m/01xgg_	/m/01xgg_	Medical equipment	medical equipment	openimages_2018_04_boxable	https://storage.googleapis.com/openimages/2018_04/class-descriptions-boxable.csv	https://storage.googleapis.com/openimages/2018_04/bbox_labels_600_hierarchy.json	OpenImagesBoxable	/m/0bl9f		/m/012ysf|/m/02lbcq|/m/073g6|/m/0j496	Syringe|Stretcher|Stethoscope|Band-aid	true	unresolved	unresolved	false				oewn	2025-plus	oewn:2025+	unresolved		false	0							not_applicable_no_selected_synset						not_applicable_no_selected_synset		not_applicable			false	true			unresolved_no_oewn_noun_synset	unresolved_no_oewn_noun_synset
openimages	/m/01xs3r	/m/01xs3r	Jet ski	jet ski	openimages_2018_04_boxable	https://storage.googleapis.com/openimages/2018_04/class-descriptions-boxable.csv	https://storage.googleapis.com/openimages/2018_04/bbox_labels_600_hierarchy.json	OpenImagesBoxable	/m/01rzcn	Watercraft			true	unresolved	unresolved	false				oewn	2025-plus	oewn:2025+	unresolved		false	0							not_applicable_no_selected_synset						not_applicable_no_selected_synset		not_applicable			false	true			unresolved_no_oewn_noun_synset	unresolved_no_oewn_noun_synset
openimages	/m/01yx86	/m/01yx86	Bronze sculpture	bronze sculpture	openimages_2018_04_boxable	https://storage.googleapis.com/openimages/2018_04/class-descriptions-boxable.csv	https://storage.googleapis.com/openimages/2018_04/bbox_labels_600_hierarchy.json	OpenImagesBoxable	/m/06msq	Sculpture			true	unresolved	unresolved	false				oewn	2025-plus	oewn:2025+	unresolved		false	0							not_applicable_no_selected_synset						not_applicable_no_selected_synset		not_applicable			false	true			unresolved_no_oewn_noun_synset	unresolved_no_oewn_noun_synset
openimages	/m/0268lbt	/m/0268lbt	Hiking equipment	hiking equipment	openimages_2018_04_boxable	https://storage.googleapis.com/openimages/2018_04/class-descriptions-boxable.csv	https://storage.googleapis.com/openimages/2018_04/bbox_labels_600_hierarchy.json	OpenImagesBoxable	/m/05y5lj	Sports equipment			true	unresolved	unresolved	false				oewn	2025-plus	oewn:2025+	unresolved		false	0							not_applicable_no_selected_synset						not_applicable_no_selected_synset		not_applicable			false	true			unresolved_no_oewn_noun_synset	unresolved_no_oewn_noun_synset
openimages	/m/0271qf7	/m/0271qf7	Wine rack	wine rack	openimages_2018_04_boxable	https://storage.googleapis.com/openimages/2018_04/class-descriptions-boxable.csv	https://storage.googleapis.com/openimages/2018_04/bbox_labels_600_hierarchy.json	OpenImagesBoxable	/m/0c_jw	Furniture			true	unresolved	unresolved	false				oewn	2025-plus	oewn:2025+	unresolved		false	0							not_applicable_no_selected_synset						not_applicable_no_selected_synset		not_applicable			false	true			unresolved_no_oewn_noun_synset	unresolved_no_oewn_noun_synset
openimages	/m/0283dt1	/m/0283dt1	Human mouth	human mouth	openimages_2018_04_boxable	https://storage.googleapis.com/openimages/2018_04/class-descriptions-boxable.csv	https://storage.googleapis.com/openimages/2018_04/bbox_labels_600_hierarchy.json	OpenImagesBoxable	/m/0bl9f				true	unresolved	unresolved	false				oewn	2025-plus	oewn:2025+	unresolved		false	0							not_applicable_no_selected_synset						not_applicable_no_selected_synset		not_applicable			false	true			unresolved_no_oewn_noun_synset	unresolved_no_oewn_noun_synset
openimages	/m/02d9qx	/m/02d9qx	Whiteboard	whiteboard	openimages_2018_04_boxable	https://storage.googleapis.com/openimages/2018_04/class-descriptions-boxable.csv	https://storage.googleapis.com/openimages/2018_04/bbox_labels_600_hierarchy.json	OpenImagesBoxable	/m/02rdsp	Office supplies			false	not_mwe	unresolved	false				oewn	2025-plus	oewn:2025+	unresolved		false	0							not_applicable_no_selected_synset						not_applicable_no_selected_synset		not_applicable			false	true			unresolved_no_oewn_noun_synset	unresolved_no_oewn_noun_synset
openimages	/m/02rdsp	/m/02rdsp	Office supplies	office supplies	openimages_2018_04_boxable	https://storage.googleapis.com/openimages/2018_04/class-descriptions-boxable.csv	https://storage.googleapis.com/openimages/2018_04/bbox_labels_600_hierarchy.json	OpenImagesBoxable	/m/0bl9f		/m/01lsmm|/m/01n5jq|/m/024d2|/m/025dyy|/m/025fsf|/m/02d9qx|/m/02ddwp|/m/02fh7f|/m/02xqq|/m/03m3vtv|/m/04zwwv|/m/05676x|/m/05gqfk|/m/080n7g|/m/09gtd|/m/0frqm|/m/0k1tl	Scissors|Poster|Calculator|Box|Stapler|Whiteboard|Pencil sharpener|Eraser|Fax|Adhesive tape|Ring binder|Pencil case|Plastic bag|Paper cutter|Toilet paper|Envelope|Pen	true	unresolved	unresolved	false				oewn	2025-plus	oewn:2025+	unresolved		false	0							not_applicable_no_selected_synset						not_applicable_no_selected_synset		not_applicable			false	true			unresolved_no_oewn_noun_synset	unresolved_no_oewn_noun_synset
openimages	/m/02tsc9	/m/02tsc9	Slow cooker	slow cooker	openimages_2018_04_boxable	https://storage.googleapis.com/openimages/2018_04/class-descriptions-boxable.csv	https://storage.googleapis.com/openimages/2018_04/bbox_labels_600_hierarchy.json	OpenImagesBoxable	/m/0h99cwc	Kitchen appliance			true	unresolved	unresolved	false				oewn	2025-plus	oewn:2025+	unresolved		false	0							not_applicable_no_selected_synset						not_applicable_no_selected_synset		not_applicable			false	true			unresolved_no_oewn_noun_synset	unresolved_no_oewn_noun_synset
openimages	/m/02wmf	/m/02wmf	Flying disc	flying disc	openimages_2018_04_boxable	https://storage.googleapis.com/openimages/2018_04/class-descriptions-boxable.csv	https://storage.googleapis.com/openimages/2018_04/bbox_labels_600_hierarchy.json	OpenImagesBoxable	/m/0138tl|/m/05y5lj	Toy|Sports equipment			true	unresolved	unresolved	false				oewn	2025-plus	oewn:2025+	unresolved		false	0							not_applicable_no_selected_synset						not_applicable_no_selected_synset		not_applicable			false	true			unresolved_no_oewn_noun_synset	unresolved_no_oewn_noun_synset
openimages	/m/02x8cch	/m/02x8cch	Salt and pepper shakers	salt and pepper shakers	openimages_2018_04_boxable	https://storage.googleapis.com/openimages/2018_04/class-descriptions-boxable.csv	https://storage.googleapis.com/openimages/2018_04/bbox_labels_600_hierarchy.json	OpenImagesBoxable	/m/04brg2	Tableware			true	unresolved	unresolved	false				oewn	2025-plus	oewn:2025+	unresolved		false	0							not_applicable_no_selected_synset						not_applicable_no_selected_synset		not_applicable			false	true			unresolved_no_oewn_noun_synset	unresolved_no_oewn_noun_synset
openimages	/m/02x984l	/m/02x984l	Mechanical fan	mechanical fan	openimages_2018_04_boxable	https://storage.googleapis.com/openimages/2018_04/class-descriptions-boxable.csv	https://storage.googleapis.com/openimages/2018_04/bbox_labels_600_hierarchy.json	OpenImagesBoxable	/m/019dx1	Home appliance			true	unresolved	unresolved	false				oewn	2025-plus	oewn:2025+	unresolved		false	0							not_applicable_no_selected_synset						not_applicable_no_selected_synset		not_applicable			false	true			unresolved_no_oewn_noun_synset	unresolved_no_oewn_noun_synset
openimages	/m/035r7c	/m/035r7c	Human leg	human leg	openimages_2018_04_boxable	https://storage.googleapis.com/openimages/2018_04/class-descriptions-boxable.csv	https://storage.googleapis.com/openimages/2018_04/bbox_labels_600_hierarchy.json	OpenImagesBoxable	/m/0bl9f				true	unresolved	unresolved	false				oewn	2025-plus	oewn:2025+	unresolved		false	0							not_applicable_no_selected_synset						not_applicable_no_selected_synset		not_applicable			false	true			unresolved_no_oewn_noun_synset	unresolved_no_oewn_noun_synset
openimages	/m/039xj_	/m/039xj_	Human ear	human ear	openimages_2018_04_boxable	https://storage.googleapis.com/openimages/2018_04/class-descriptions-boxable.csv	https://storage.googleapis.com/openimages/2018_04/bbox_labels_600_hierarchy.json	OpenImagesBoxable	/m/0bl9f				true	unresolved	unresolved	false				oewn	2025-plus	oewn:2025+	unresolved		false	0							not_applicable_no_selected_synset						not_applicable_no_selected_synset		not_applicable			false	true			unresolved_no_oewn_noun_synset	unresolved_no_oewn_noun_synset
openimages	/m/03bbps	/m/03bbps	Power plugs and sockets	power plugs and sockets	openimages_2018_04_boxable	https://storage.googleapis.com/openimages/2018_04/class-descriptions-boxable.csv	https://storage.googleapis.com/openimages/2018_04/bbox_labels_600_hierarchy.json	OpenImagesBoxable	/m/0bl9f				true	unresolved	unresolved	false				oewn	2025-plus	oewn:2025+	unresolved		false	0							not_applicable_no_selected_synset						not_applicable_no_selected_synset		not_applicable			false	true			unresolved_no_oewn_noun_synset	unresolved_no_oewn_noun_synset
openimages	/m/03hl4l9	/m/03hl4l9	Marine invertebrates	marine invertebrates	openimages_2018_04_boxable	https://storage.googleapis.com/openimages/2018_04/class-descriptions-boxable.csv	https://storage.googleapis.com/openimages/2018_04/bbox_labels_600_hierarchy.json	OpenImagesBoxable	/m/03xxp	Invertebrate	/m/01h8tj|/m/035vxb|/m/09gys|/m/0cjq5|/m/0d8zb|/m/0ll1f78|/m/0n28_	Starfish|Isopod|Squid|Lobster|Jellyfish|Shrimp|Crab	true	unresolved	unresolved	false				oewn	2025-plus	oewn:2025+	unresolved		false	0							not_applicable_no_selected_synset						not_applicable_no_selected_synset		not_applicable			false	true			unresolved_no_oewn_noun_synset	unresolved_no_oewn_noun_synset
openimages	/m/03jbxj	/m/03jbxj	Light switch	light switch	openimages_2018_04_boxable	https://storage.googleapis.com/openimages/2018_04/class-descriptions-boxable.csv	https://storage.googleapis.com/openimages/2018_04/bbox_labels_600_hierarchy.json	OpenImagesBoxable	/m/0bl9f				true	unresolved	unresolved	false				oewn	2025-plus	oewn:2025+	unresolved		false	0							not_applicable_no_selected_synset						not_applicable_no_selected_synset		not_applicable			false	true			unresolved_no_oewn_noun_synset	unresolved_no_oewn_noun_synset
openimages	/m/03kt2w	/m/03kt2w	Stationary bicycle	stationary bicycle	openimages_2018_04_boxable	https://storage.googleapis.com/openimages/2018_04/class-descriptions-boxable.csv	https://storage.googleapis.com/openimages/2018_04/bbox_labels_600_hierarchy.json	OpenImagesBoxable	/m/05y5lj	Sports equipment			true	unresolved	unresolved	false				oewn	2025-plus	oewn:2025+	unresolved		false	0							not_applicable_no_selected_synset						not_applicable_no_selected_synset		not_applicable			false	true			unresolved_no_oewn_noun_synset	unresolved_no_oewn_noun_synset
openimages	/m/03ldnb	/m/03ldnb	Ceiling fan	ceiling fan	openimages_2018_04_boxable	https://storage.googleapis.com/openimages/2018_04/class-descriptions-boxable.csv	https://storage.googleapis.com/openimages/2018_04/bbox_labels_600_hierarchy.json	OpenImagesBoxable	/m/019dx1	Home appliance			true	unresolved	unresolved	false				oewn	2025-plus	oewn:2025+	unresolved		false	0							not_applicable_no_selected_synset						not_applicable_no_selected_synset		not_applicable			false	true			unresolved_no_oewn_noun_synset	unresolved_no_oewn_noun_synset
openimages	/m/03p3bw	/m/03p3bw	Bicycle helmet	bicycle helmet	openimages_2018_04_boxable	https://storage.googleapis.com/openimages/2018_04/class-descriptions-boxable.csv	https://storage.googleapis.com/openimages/2018_04/bbox_labels_600_hierarchy.json	OpenImagesBoxable	/m/0zvk5	Helmet			true	unresolved	unresolved	false				oewn	2025-plus	oewn:2025+	unresolved		false	0							not_applicable_no_selected_synset						not_applicable_no_selected_synset		not_applicable			false	true			unresolved_no_oewn_noun_synset	unresolved_no_oewn_noun_synset
openimages	/m/03q69	/m/03q69	Human hair	human hair	openimages_2018_04_boxable	https://storage.googleapis.com/openimages/2018_04/class-descriptions-boxable.csv	https://storage.googleapis.com/openimages/2018_04/bbox_labels_600_hierarchy.json	OpenImagesBoxable	/m/0bl9f				true	unresolved	unresolved	false				oewn	2025-plus	oewn:2025+	unresolved		false	0							not_applicable_no_selected_synset						not_applicable_no_selected_synset		not_applicable			false	true			unresolved_no_oewn_noun_synset	unresolved_no_oewn_noun_synset
openimages	/m/03wym	/m/03wym	Indoor rower	indoor rower	openimages_2018_04_boxable	https://storage.googleapis.com/openimages/2018_04/class-descriptions-boxable.csv	https://storage.googleapis.com/openimages/2018_04/bbox_labels_600_hierarchy.json	OpenImagesBoxable	/m/05y5lj	Sports equipment			true	unresolved	unresolved	false				oewn	2025-plus	oewn:2025+	unresolved		false	0							not_applicable_no_selected_synset						not_applicable_no_selected_synset		not_applicable			false	true			unresolved_no_oewn_noun_synset	unresolved_no_oewn_noun_synset
openimages	/m/04169hn	/m/04169hn	Wood-burning stove	wood-burning stove	openimages_2018_04_boxable	https://storage.googleapis.com/openimages/2018_04/class-descriptions-boxable.csv	https://storage.googleapis.com/openimages/2018_04/bbox_labels_600_hierarchy.json	OpenImagesBoxable	/m/019dx1	Home appliance			true	unresolved	unresolved	false				oewn	2025-plus	oewn:2025+	unresolved		false	0							not_applicable_no_selected_synset						not_applicable_no_selected_synset		not_applicable			false	true			unresolved_no_oewn_noun_synset	unresolved_no_oewn_noun_synset
openimages	/m/0463sg	/m/0463sg	Fashion accessory	fashion accessory	openimages_2018_04_boxable	https://storage.googleapis.com/openimages/2018_04/class-descriptions-boxable.csv	https://storage.googleapis.com/openimages/2018_04/bbox_labels_600_hierarchy.json	OpenImagesBoxable	/m/09j2d	Clothing	/m/0174n1|/m/0176mf|/m/017ftj|/m/01krhy|/m/01llwg|/m/01nq26|/m/01r546|/m/01rkbr|/m/02_n6y|/m/02dl1y|/m/02h19r|/m/080hkjn|/m/0gjkl|/m/0hnnb|/m/0jyfg|/m/0nl46	Glove|Belt|Sunglasses|Tiara|Necklace|Sock|Earrings|Tie|Goggles|Hat|Scarf|Handbag|Watch|Umbrella|Glasses|Crown	true	unresolved	unresolved	false				oewn	2025-plus	oewn:2025+	unresolved		false	0							not_applicable_no_selected_synset						not_applicable_no_selected_synset		not_applicable			false	true			unresolved_no_oewn_noun_synset	unresolved_no_oewn_noun_synset
openimages	/m/04tn4x	/m/04tn4x	Swim cap	swim cap	openimages_2018_04_boxable	https://storage.googleapis.com/openimages/2018_04/class-descriptions-boxable.csv	https://storage.googleapis.com/openimages/2018_04/bbox_labels_600_hierarchy.json	OpenImagesBoxable	/m/09j2d	Clothing			true	unresolved	unresolved	false				oewn	2025-plus	oewn:2025+	unresolved		false	0							not_applicable_no_selected_synset						not_applicable_no_selected_synset		not_applicable			false	true			unresolved_no_oewn_noun_synset	unresolved_no_oewn_noun_synset
openimages	/m/04y4h8h	/m/04y4h8h	Bathroom cabinet	bathroom cabinet	openimages_2018_04_boxable	https://storage.googleapis.com/openimages/2018_04/class-descriptions-boxable.csv	https://storage.googleapis.com/openimages/2018_04/bbox_labels_600_hierarchy.json	OpenImagesBoxable	/m/0c_jw	Furniture			true	unresolved	unresolved	false				oewn	2025-plus	oewn:2025+	unresolved		false	0							not_applicable_no_selected_synset						not_applicable_no_selected_synset		not_applicable			false	true			unresolved_no_oewn_noun_synset	unresolved_no_oewn_noun_synset
openimages	/m/04zwwv	/m/04zwwv	Ring binder	ring binder	openimages_2018_04_boxable	https://storage.googleapis.com/openimages/2018_04/class-descriptions-boxable.csv	https://storage.googleapis.com/openimages/2018_04/bbox_labels_600_hierarchy.json	OpenImagesBoxable	/m/02rdsp	Office supplies			true	unresolved	unresolved	false				oewn	2025-plus	oewn:2025+	unresolved		false	0							not_applicable_no_selected_synset						not_applicable_no_selected_synset		not_applicable			false	true			unresolved_no_oewn_noun_synset	unresolved_no_oewn_noun_synset
openimages	/m/054xkw	/m/054xkw	Lifejacket	lifejacket	openimages_2018_04_boxable	https://storage.googleapis.com/openimages/2018_04/class-descriptions-boxable.csv	https://storage.googleapis.com/openimages/2018_04/bbox_labels_600_hierarchy.json	OpenImagesBoxable	/m/05y5lj	Sports equipment			false	not_mwe	unresolved	false				oewn	2025-plus	oewn:2025+	unresolved		false	0							not_applicable_no_selected_synset						not_applicable_no_selected_synset		not_applicable			false	true			unresolved_no_oewn_noun_synset	unresolved_no_oewn_noun_synset
openimages	/m/05_5p_0	/m/05_5p_0	Table tennis racket	table tennis racket	openimages_2018_04_boxable	https://storage.googleapis.com/openimages/2018_04/class-descriptions-boxable.csv	https://storage.googleapis.com/openimages/2018_04/bbox_labels_600_hierarchy.json	OpenImagesBoxable	/m/0dv9c	Racket			true	unresolved	unresolved	false				oewn	2025-plus	oewn:2025+	unresolved		false	0							not_applicable_no_selected_synset						not_applicable_no_selected_synset		not_applicable			false	true			unresolved_no_oewn_noun_synset	unresolved_no_oewn_noun_synset
openimages	/m/057cc	/m/057cc	Musical keyboard	musical keyboard	openimages_2018_04_boxable	https://storage.googleapis.com/openimages/2018_04/class-descriptions-boxable.csv	https://storage.googleapis.com/openimages/2018_04/bbox_labels_600_hierarchy.json	OpenImagesBoxable	/m/04szw	Musical instrument			true	unresolved	unresolved	false				oewn	2025-plus	oewn:2025+	unresolved		false	0							not_applicable_no_selected_synset						not_applicable_no_selected_synset		not_applicable			false	true			unresolved_no_oewn_noun_synset	unresolved_no_oewn_noun_synset
openimages	/m/058qzx	/m/058qzx	Kitchen knife	kitchen knife	openimages_2018_04_boxable	https://storage.googleapis.com/openimages/2018_04/class-descriptions-boxable.csv	https://storage.googleapis.com/openimages/2018_04/bbox_labels_600_hierarchy.json	OpenImagesBoxable	/m/04brg2	Tableware			true	unresolved	unresolved	false				oewn	2025-plus	oewn:2025+	unresolved		false	0							not_applicable_no_selected_synset						not_applicable_no_selected_synset		not_applicable			false	true			unresolved_no_oewn_noun_synset	unresolved_no_oewn_noun_synset
openimages	/m/061hd_	/m/061hd_	Infant bed	infant bed	openimages_2018_04_boxable	https://storage.googleapis.com/openimages/2018_04/class-descriptions-boxable.csv	https://storage.googleapis.com/openimages/2018_04/bbox_labels_600_hierarchy.json	OpenImagesBoxable	/m/03ssj5	Bed			true	unresolved	unresolved	false				oewn	2025-plus	oewn:2025+	unresolved		false	0							not_applicable_no_selected_synset						not_applicable_no_selected_synset		not_applicable			false	true			unresolved_no_oewn_noun_synset	unresolved_no_oewn_noun_synset
openimages	/m/065h6l	/m/065h6l	Jacuzzi	jacuzzi	openimages_2018_04_boxable	https://storage.googleapis.com/openimages/2018_04/class-descriptions-boxable.csv	https://storage.googleapis.com/openimages/2018_04/bbox_labels_600_hierarchy.json	OpenImagesBoxable	/m/0bl9f				false	not_mwe	unresolved	false				oewn	2025-plus	oewn:2025+	unresolved		false	0							not_applicable_no_selected_synset						not_applicable_no_selected_synset		not_applicable			false	true			unresolved_no_oewn_noun_synset	unresolved_no_oewn_noun_synset
openimages	/m/076lb9	/m/076lb9	Training bench	training bench	openimages_2018_04_boxable	https://storage.googleapis.com/openimages/2018_04/class-descriptions-boxable.csv	https://storage.googleapis.com/openimages/2018_04/bbox_labels_600_hierarchy.json	OpenImagesBoxable	/m/05y5lj	Sports equipment			true	unresolved	unresolved	false				oewn	2025-plus	oewn:2025+	unresolved		false	0							not_applicable_no_selected_synset						not_applicable_no_selected_synset		not_applicable			false	true			unresolved_no_oewn_noun_synset	unresolved_no_oewn_noun_synset
openimages	/m/07kng9	/m/07kng9	Picnic basket	picnic basket	openimages_2018_04_boxable	https://storage.googleapis.com/openimages/2018_04/class-descriptions-boxable.csv	https://storage.googleapis.com/openimages/2018_04/bbox_labels_600_hierarchy.json	OpenImagesBoxable	/m/011q46kg	Container			true	unresolved	unresolved	false				oewn	2025-plus	oewn:2025+	unresolved		false	0							not_applicable_no_selected_synset						not_applicable_no_selected_synset		not_applicable			false	true			unresolved_no_oewn_noun_synset	unresolved_no_oewn_noun_synset
openimages	/m/07mcwg	/m/07mcwg	Cooking spray	cooking spray	openimages_2018_04_boxable	https://storage.googleapis.com/openimages/2018_04/class-descriptions-boxable.csv	https://storage.googleapis.com/openimages/2018_04/bbox_labels_600_hierarchy.json	OpenImagesBoxable	/m/02wbm	Food			true	unresolved	unresolved	false				oewn	2025-plus	oewn:2025+	unresolved		false	0							not_applicable_no_selected_synset						not_applicable_no_selected_synset		not_applicable			false	true			unresolved_no_oewn_noun_synset	unresolved_no_oewn_noun_synset
openimages	/m/07xyvk	/m/07xyvk	Coffeemaker	coffeemaker	openimages_2018_04_boxable	https://storage.googleapis.com/openimages/2018_04/class-descriptions-boxable.csv	https://storage.googleapis.com/openimages/2018_04/bbox_labels_600_hierarchy.json	OpenImagesBoxable	/m/019dx1|/m/0h99cwc	Home appliance|Kitchen appliance			false	not_mwe	unresolved	false				oewn	2025-plus	oewn:2025+	unresolved		false	0							not_applicable_no_selected_synset						not_applicable_no_selected_synset		not_applicable			false	true			unresolved_no_oewn_noun_synset	unresolved_no_oewn_noun_synset
openimages	/m/08ks85	/m/08ks85	Pizza cutter	pizza cutter	openimages_2018_04_boxable	https://storage.googleapis.com/openimages/2018_04/class-descriptions-boxable.csv	https://storage.googleapis.com/openimages/2018_04/bbox_labels_600_hierarchy.json	OpenImagesBoxable	/m/03hlz0c	Kitchen utensil			true	unresolved	unresolved	false				oewn	2025-plus	oewn:2025+	unresolved		false	0							not_applicable_no_selected_synset						not_applicable_no_selected_synset		not_applicable			false	true			unresolved_no_oewn_noun_synset	unresolved_no_oewn_noun_synset
openimages	/m/0bjyj5	/m/0bjyj5	Waste container	waste container	openimages_2018_04_boxable	https://storage.googleapis.com/openimages/2018_04/class-descriptions-boxable.csv	https://storage.googleapis.com/openimages/2018_04/bbox_labels_600_hierarchy.json	OpenImagesBoxable	/m/011q46kg	Container			true	unresolved	unresolved	false				oewn	2025-plus	oewn:2025+	unresolved		false	0							not_applicable_no_selected_synset						not_applicable_no_selected_synset		not_applicable			false	true			unresolved_no_oewn_noun_synset	unresolved_no_oewn_noun_synset
openimages	/m/0c3m8g	/m/0c3m8g	Hand dryer	hand dryer	openimages_2018_04_boxable	https://storage.googleapis.com/openimages/2018_04/class-descriptions-boxable.csv	https://storage.googleapis.com/openimages/2018_04/bbox_labels_600_hierarchy.json	OpenImagesBoxable	/m/019dx1	Home appliance			true	unresolved	unresolved	false				oewn	2025-plus	oewn:2025+	unresolved		false	0							not_applicable_no_selected_synset						not_applicable_no_selected_synset		not_applicable			false	true			unresolved_no_oewn_noun_synset	unresolved_no_oewn_noun_synset
openimages	/m/0d_2m	/m/0d_2m	Moths and butterflies	moths and butterflies	openimages_2018_04_boxable	https://storage.googleapis.com/openimages/2018_04/class-descriptions-boxable.csv	https://storage.googleapis.com/openimages/2018_04/bbox_labels_600_hierarchy.json	OpenImagesBoxable	/m/03vt0	Insect	/m/0cydv|/m/0cyf8	Caterpillar|Butterfly	true	unresolved	unresolved	false				oewn	2025-plus	oewn:2025+	unresolved		false	0							not_applicable_no_selected_synset						not_applicable_no_selected_synset		not_applicable			false	true			unresolved_no_oewn_noun_synset	unresolved_no_oewn_noun_synset
openimages	/m/0dzf4	/m/0dzf4	Human arm	human arm	openimages_2018_04_boxable	https://storage.googleapis.com/openimages/2018_04/class-descriptions-boxable.csv	https://storage.googleapis.com/openimages/2018_04/bbox_labels_600_hierarchy.json	OpenImagesBoxable	/m/0bl9f				true	unresolved	unresolved	false				oewn	2025-plus	oewn:2025+	unresolved		false	0							not_applicable_no_selected_synset						not_applicable_no_selected_synset		not_applicable			false	true			unresolved_no_oewn_noun_synset	unresolved_no_oewn_noun_synset
openimages	/m/0gd2v	/m/0gd2v	Marine mammal	marine mammal	openimages_2018_04_boxable	https://storage.googleapis.com/openimages/2018_04/class-descriptions-boxable.csv	https://storage.googleapis.com/openimages/2018_04/bbox_labels_600_hierarchy.json	OpenImagesBoxable	/m/04rky	Mammal	/m/02hj4|/m/02l8p9|/m/084zz|/m/0gd36	Dolphin|Harbor seal|Whale|Sea lion	true	unresolved	unresolved	false				oewn	2025-plus	oewn:2025+	unresolved		false	0							not_applicable_no_selected_synset						not_applicable_no_selected_synset		not_applicable			false	true			unresolved_no_oewn_noun_synset	unresolved_no_oewn_noun_synset
openimages	/m/0h8lkj8	/m/0h8lkj8	Corded phone	corded phone	openimages_2018_04_boxable	https://storage.googleapis.com/openimages/2018_04/class-descriptions-boxable.csv	https://storage.googleapis.com/openimages/2018_04/bbox_labels_600_hierarchy.json	OpenImagesBoxable	/m/07cx4	Telephone			true	unresolved	unresolved	false				oewn	2025-plus	oewn:2025+	unresolved		false	0							not_applicable_no_selected_synset						not_applicable_no_selected_synset		not_applicable			false	true			unresolved_no_oewn_noun_synset	unresolved_no_oewn_noun_synset
openimages	/m/0h8mhzd	/m/0h8mhzd	Sports uniform	sports uniform	openimages_2018_04_boxable	https://storage.googleapis.com/openimages/2018_04/class-descriptions-boxable.csv	https://storage.googleapis.com/openimages/2018_04/bbox_labels_600_hierarchy.json	OpenImagesBoxable	/m/09j2d	Clothing			true	unresolved	unresolved	false				oewn	2025-plus	oewn:2025+	unresolved		false	0							not_applicable_no_selected_synset						not_applicable_no_selected_synset		not_applicable			false	true			unresolved_no_oewn_noun_synset	unresolved_no_oewn_noun_synset
openimages	/m/0h8n27j	/m/0h8n27j	Serving tray	serving tray	openimages_2018_04_boxable	https://storage.googleapis.com/openimages/2018_04/class-descriptions-boxable.csv	https://storage.googleapis.com/openimages/2018_04/bbox_labels_600_hierarchy.json	OpenImagesBoxable	/m/04brg2	Tableware			true	unresolved	unresolved	false				oewn	2025-plus	oewn:2025+	unresolved		false	0							not_applicable_no_selected_synset						not_applicable_no_selected_synset		not_applicable			false	true			unresolved_no_oewn_noun_synset	unresolved_no_oewn_noun_synset
openimages	/m/0h8n5zk	/m/0h8n5zk	Kitchen & dining room table	kitchen & dining room table	openimages_2018_04_boxable	https://storage.googleapis.com/openimages/2018_04/class-descriptions-boxable.csv	https://storage.googleapis.com/openimages/2018_04/bbox_labels_600_hierarchy.json	OpenImagesBoxable	/m/04bcr3	Table			true	unresolved	unresolved	false				oewn	2025-plus	oewn:2025+	unresolved		false	0							not_applicable_no_selected_synset						not_applicable_no_selected_synset		not_applicable			false	true			unresolved_no_oewn_noun_synset	unresolved_no_oewn_noun_synset
openimages	/m/0h8n6f9	/m/0h8n6f9	Dog bed	dog bed	openimages_2018_04_boxable	https://storage.googleapis.com/openimages/2018_04/class-descriptions-boxable.csv	https://storage.googleapis.com/openimages/2018_04/bbox_labels_600_hierarchy.json	OpenImagesBoxable	/m/0bl9f				true	unresolved	unresolved	false				oewn	2025-plus	oewn:2025+	unresolved		false	0							not_applicable_no_selected_synset						not_applicable_no_selected_synset		not_applicable			false	true			unresolved_no_oewn_noun_synset	unresolved_no_oewn_noun_synset
openimages	/m/0h8n6ft	/m/0h8n6ft	Cake stand	cake stand	openimages_2018_04_boxable	https://storage.googleapis.com/openimages/2018_04/class-descriptions-boxable.csv	https://storage.googleapis.com/openimages/2018_04/bbox_labels_600_hierarchy.json	OpenImagesBoxable	/m/04brg2	Tableware			true	unresolved	unresolved	false				oewn	2025-plus	oewn:2025+	unresolved		false	0							not_applicable_no_selected_synset						not_applicable_no_selected_synset		not_applicable			false	true			unresolved_no_oewn_noun_synset	unresolved_no_oewn_noun_synset
openimages	/m/0h8nm9j	/m/0h8nm9j	Cat furniture	cat furniture	openimages_2018_04_boxable	https://storage.googleapis.com/openimages/2018_04/class-descriptions-boxable.csv	https://storage.googleapis.com/openimages/2018_04/bbox_labels_600_hierarchy.json	OpenImagesBoxable	/m/0bl9f				true	unresolved	unresolved	false				oewn	2025-plus	oewn:2025+	unresolved		false	0							not_applicable_no_selected_synset						not_applicable_no_selected_synset		not_applicable			false	true			unresolved_no_oewn_noun_synset	unresolved_no_oewn_noun_synset
openimages	/m/0h8nr_l	/m/0h8nr_l	Bathroom accessory	bathroom accessory	openimages_2018_04_boxable	https://storage.googleapis.com/openimages/2018_04/class-descriptions-boxable.csv	https://storage.googleapis.com/openimages/2018_04/bbox_labels_600_hierarchy.json	OpenImagesBoxable	/m/0bl9f		/m/0162_1|/m/09gtd|/m/0c3mkw|/m/0h8nsvg	Towel|Toilet paper|Soap dispenser|Facial tissue holder	true	unresolved	unresolved	false				oewn	2025-plus	oewn:2025+	unresolved		false	0							not_applicable_no_selected_synset						not_applicable_no_selected_synset		not_applicable			false	true			unresolved_no_oewn_noun_synset	unresolved_no_oewn_noun_synset
openimages	/m/0h8nsvg	/m/0h8nsvg	Facial tissue holder	facial tissue holder	openimages_2018_04_boxable	https://storage.googleapis.com/openimages/2018_04/class-descriptions-boxable.csv	https://storage.googleapis.com/openimages/2018_04/bbox_labels_600_hierarchy.json	OpenImagesBoxable	/m/0h8nr_l	Bathroom accessory			true	unresolved	unresolved	false				oewn	2025-plus	oewn:2025+	unresolved		false	0							not_applicable_no_selected_synset						not_applicable_no_selected_synset		not_applicable			false	true			unresolved_no_oewn_noun_synset	unresolved_no_oewn_noun_synset
openimages	/m/0hf58v5	/m/0hf58v5	Luggage and bags	luggage and bags	openimages_2018_04_boxable	https://storage.googleapis.com/openimages/2018_04/class-descriptions-boxable.csv	https://storage.googleapis.com/openimages/2018_04/bbox_labels_600_hierarchy.json	OpenImagesBoxable	/m/09j2d	Clothing	/m/01940j|/m/01s55n|/m/0584n8|/m/080hkjn	Backpack|Suitcase|Briefcase|Handbag	true	unresolved	unresolved	false				oewn	2025-plus	oewn:2025+	unresolved		false	0							not_applicable_no_selected_synset						not_applicable_no_selected_synset		not_applicable			false	true			unresolved_no_oewn_noun_synset	unresolved_no_oewn_noun_synset
openimages	/m/0k0pj	/m/0k0pj	Human nose	human nose	openimages_2018_04_boxable	https://storage.googleapis.com/openimages/2018_04/class-descriptions-boxable.csv	https://storage.googleapis.com/openimages/2018_04/bbox_labels_600_hierarchy.json	OpenImagesBoxable	/m/0bl9f				true	unresolved	unresolved	false				oewn	2025-plus	oewn:2025+	unresolved		false	0							not_applicable_no_selected_synset						not_applicable_no_selected_synset		not_applicable			false	true			unresolved_no_oewn_noun_synset	unresolved_no_oewn_noun_synset
openimages	/m/0k65p	/m/0k65p	Human hand	human hand	openimages_2018_04_boxable	https://storage.googleapis.com/openimages/2018_04/class-descriptions-boxable.csv	https://storage.googleapis.com/openimages/2018_04/bbox_labels_600_hierarchy.json	OpenImagesBoxable	/m/0bl9f				true	unresolved	unresolved	false				oewn	2025-plus	oewn:2025+	unresolved		false	0							not_applicable_no_selected_synset						not_applicable_no_selected_synset		not_applicable			false	true			unresolved_no_oewn_noun_synset	unresolved_no_oewn_noun_synset
openimages	/m/0m53l	/m/0m53l	Rays and skates	rays and skates	openimages_2018_04_boxable	https://storage.googleapis.com/openimages/2018_04/class-descriptions-boxable.csv	https://storage.googleapis.com/openimages/2018_04/bbox_labels_600_hierarchy.json	OpenImagesBoxable	/m/0ch_cf	Fish			true	unresolved	unresolved	false				oewn	2025-plus	oewn:2025+	unresolved		false	0							not_applicable_no_selected_synset						not_applicable_no_selected_synset		not_applicable			false	true			unresolved_no_oewn_noun_synset	unresolved_no_oewn_noun_synset
